video_id,user_id,comment,sentiment_score
1,7001,"Solid attempt, could improve",0.43
2,7002,"Felt dragged out, lost me halfway",0.37
3,7003,"Unwatchable, I had to scroll",0.12
4,7004,Lowkey the best thing on my FYP today,0.98
5,7005,"Unwatchable, I had to scroll",0.09
6,7006,Pretty mid but not terrible,0.52
7,7007,"The audio was rough, couldn’t listen",0.04
8,7008,"Super basic, nothing new",0.31
9,7009,"Highkey useful, tysm",0.69
10,7010,"Not bad, not great either",0.49
11,7011,Main character energy right here,0.71
12,7012,Pretty mid but not terrible,0.46
13,7013,"Solid attempt, could improve",0.5
14,7014,"Felt dragged out, lost me halfway",0.39
15,7015,"It’s okay, seen better",0.47
16,7016,"Alright I guess, nothing new",0.43
17,7017,Pretty mid but not terrible,0.56
18,7018,"Solid attempt, could improve",0.42
19,7019,"Highkey useful, tysm",0.62
20,7020,"Solid attempt, could improve",0.46
21,7021,"Solid attempt, could improve",0.41
22,7022,"Highkey useful, tysm",0.65
23,7023,Worst thing on my FYP today,0.14
24,7024,"Real talent, keep posting",0.86
25,7025,Pretty mid but not terrible,0.5
26,7026,The editing was on point fr,0.69
27,7027,The editing was on point fr,0.68
28,7028,"Meh, it’s fine I guess",0.44
29,7029,Bro thought he ate,0.34
30,7030,"Loved every second, pure vibes",0.93
31,7031,"Unwatchable, I had to scroll",0.08
32,7032,"Solid attempt, could improve",0.57
33,7033,"Average content, nothing special",0.42
34,7034,"Real talent, keep posting",0.9
35,7035,"This actually ate, no crumbs",0.87
36,7036,"This actually ate, no crumbs",0.93
37,7037,"Highkey useful, tysm",0.66
38,7038,"Loved every second, pure vibes",0.96
39,7039,Some effort but not memorable,0.52
40,7040,Main character energy right here,0.75
41,7041,Some effort but not memorable,0.58
42,7042,Worst thing on my FYP today,0.03
43,7043,"This was so clean, respect",0.86
44,7044,"Meh, it’s fine I guess",0.46
45,7045,"Average content, nothing special",0.51
46,7046,"Painful edit, not it",0.0
47,7047,Okay-ish but kinda bland,0.52
48,7048,"Meh, it’s fine I guess",0.46
49,7049,Lowkey the best thing on my FYP today,0.94
50,7050,Lowkey the best thing on my FYP today,0.85
51,7051,Okay-ish but kinda bland,0.45
52,7052,"Loved every second, pure vibes",0.8
53,7053,"Highkey useful, tysm",0.78
54,7054,"Clear explanation, easy to follow",0.68
55,7055,"This was so clean, respect",0.92
56,7056,"Unwatchable, I had to scroll",0.19
57,7057,Pretty mid but not terrible,0.44
58,7058,This was kinda mid ngl,0.35
59,7059,"This actually ate, no crumbs",0.88
60,7060,Couldn’t finish this one,0.14
61,7061,The editing was on point fr,0.6
62,7062,"Painful edit, not it",0.19
63,7063,Neutral on this topic,0.51
64,7064,The editing was on point fr,0.64
65,7065,"Meh, it’s fine I guess",0.45
66,7066,Production felt so cheap,0.0
67,7067,Couldn’t finish this one,0.18
68,7068,"Super basic, nothing new",0.24
69,7069,Couldn’t finish this one,0.19
70,7070,Main character energy right here,0.75
71,7071,Okay-ish but kinda bland,0.56
72,7072,"Alright I guess, nothing new",0.52
73,7073,"Not bad, not great either",0.54
74,7074,"It’s okay, seen better",0.52
75,7075,Pretty mid but not terrible,0.43
76,7076,"Painful edit, not it",0.06
77,7077,"Painful edit, not it",0.15
78,7078,Lowkey the best thing on my FYP today,0.88
79,7079,Worst thing on my FYP today,0.17
80,7080,"Highkey useful, tysm",0.64
81,7081,The editing was on point fr,0.6
82,7082,"Real talent, keep posting",0.98
83,7083,Some effort but not memorable,0.49
84,7084,Couldn’t finish this one,0.12
85,7085,"Felt dragged out, lost me halfway",0.26
86,7086,"Painful edit, not it",0.18
87,7087,The editing was on point fr,0.7
88,7088,Lowkey the best thing on my FYP today,0.93
89,7089,"Loved every second, pure vibes",0.93
90,7090,"Clear explanation, easy to follow",0.61
91,7091,"Solid attempt, could improve",0.49
92,7092,"This actually ate, no crumbs",0.94
93,7093,"Meh, it’s fine I guess",0.41
94,7094,"Clear explanation, easy to follow",0.72
95,7095,"Alright I guess, nothing new",0.56
96,7096,Couldn’t finish this one,0.13
97,7097,"Loved every second, pure vibes",0.92
98,7098,Neutral on this topic,0.55
99,7099,"Not bad, not great either",0.47
100,7100,This was kinda mid ngl,0.22
101,7101,Some effort but not memorable,0.42
102,7102,Lowkey the best thing on my FYP today,0.99
103,7103,"The audio was rough, couldn’t listen",0.11
104,7104,Main character energy right here,0.63
105,7105,"Loved every second, pure vibes",0.87
106,7106,"Solid attempt, could improve",0.51
107,7107,"Meh, it’s fine I guess",0.47
108,7108,This was kinda mid ngl,0.29
109,7109,"It’s okay, seen better",0.49
110,7110,Main character energy right here,0.76
111,7111,"Highkey useful, tysm",0.77
112,7112,"Highkey useful, tysm",0.74
113,7113,"Unwatchable, I had to scroll",0.07
114,7114,"Not bad, not great either",0.55
115,7115,This was kinda mid ngl,0.39
116,7116,"Solid attempt, could improve",0.49
117,7117,Bro thought he ate,0.3
118,7118,"Clear explanation, easy to follow",0.7
119,7119,Main character energy right here,0.64
120,7120,Neutral on this topic,0.47
121,7121,"It’s okay, seen better",0.47
122,7122,Main character energy right here,0.69
123,7123,"Real talent, keep posting",0.81
124,7124,Production felt so cheap,0.17
125,7125,"This was so clean, respect",0.99
126,7126,Okay-ish but kinda bland,0.55
127,7127,"Clear explanation, easy to follow",0.74
128,7128,"It’s okay, seen better",0.53
129,7129,Neutral on this topic,0.54
130,7130,"Clear explanation, easy to follow",0.7
131,7131,This was kinda mid ngl,0.25
132,7132,"Average content, nothing special",0.56
133,7133,"Clear explanation, easy to follow",0.67
134,7134,Okay-ish but kinda bland,0.52
135,7135,Production felt so cheap,0.08
136,7136,Production felt so cheap,0.0
137,7137,"Painful edit, not it",0.13
138,7138,"Loved every second, pure vibes",0.84
139,7139,Production felt so cheap,0.09
140,7140,Production felt so cheap,0.16
141,7141,"Alright I guess, nothing new",0.48
142,7142,"Not bad, not great either",0.44
143,7143,Neutral on this topic,0.52
144,7144,"This actually ate, no crumbs",0.85
145,7145,"Loved every second, pure vibes",1.0
146,7146,"Felt dragged out, lost me halfway",0.26
147,7147,Worst thing on my FYP today,0.2
148,7148,Pretty mid but not terrible,0.55
149,7149,Worst thing on my FYP today,0.15
150,7150,"It’s okay, seen better",0.54
151,7151,The editing was on point fr,0.71
152,7152,"This was so clean, respect",0.86
153,7153,"The audio was rough, couldn’t listen",0.17
154,7154,"Felt dragged out, lost me halfway",0.24
155,7155,"Unwatchable, I had to scroll",0.04
156,7156,"It’s okay, seen better",0.54
157,7157,Worst thing on my FYP today,0.13
158,7158,"Average content, nothing special",0.41
159,7159,"This actually ate, no crumbs",0.9
160,7160,"This is next level, wow",0.99
161,7161,"Unwatchable, I had to scroll",0.17
162,7162,"This was so clean, respect",0.81
163,7163,This was kinda mid ngl,0.38
164,7164,"Solid attempt, could improve",0.46
165,7165,Production felt so cheap,0.19
166,7166,Bro thought he ate,0.35
167,7167,"Loved every second, pure vibes",0.84
168,7168,Neutral on this topic,0.42
169,7169,"Unwatchable, I had to scroll",0.14
170,7170,"Highkey useful, tysm",0.7
171,7171,"This is next level, wow",0.84
172,7172,Worst thing on my FYP today,0.07
173,7173,"Highkey useful, tysm",0.76
174,7174,Main character energy right here,0.64
175,7175,"The audio was rough, couldn’t listen",0.16
176,7176,"Super basic, nothing new",0.26
177,7177,The editing was on point fr,0.71
178,7178,This was kinda mid ngl,0.29
179,7179,Okay-ish but kinda bland,0.52
180,7180,Some effort but not memorable,0.57
181,7181,"Real talent, keep posting",0.9
182,7182,"This actually ate, no crumbs",0.84
183,7183,"Solid attempt, could improve",0.59
184,7184,Some effort but not memorable,0.49
185,7185,"Painful edit, not it",0.14
186,7186,"Highkey useful, tysm",0.71
187,7187,Okay-ish but kinda bland,0.45
188,7188,"Highkey useful, tysm",0.66
189,7189,Lowkey the best thing on my FYP today,0.89
190,7190,"Not bad, not great either",0.58
191,7191,"This actually ate, no crumbs",0.86
192,7192,The editing was on point fr,0.73
193,7193,"Felt dragged out, lost me halfway",0.21
194,7194,"Solid attempt, could improve",0.5
195,7195,"Felt dragged out, lost me halfway",0.29
196,7196,"Loved every second, pure vibes",0.88
197,7197,"The audio was rough, couldn’t listen",0.09
198,7198,"Alright I guess, nothing new",0.43
199,7199,Main character energy right here,0.66
200,7200,Pretty mid but not terrible,0.44
201,7201,Production felt so cheap,0.1
202,7202,This was kinda mid ngl,0.34
203,7203,This was kinda mid ngl,0.3
204,7204,Main character energy right here,0.63
205,7205,Okay-ish but kinda bland,0.41
206,7206,Pretty mid but not terrible,0.53
207,7207,"Solid attempt, could improve",0.47
208,7208,Okay-ish but kinda bland,0.48
209,7209,Main character energy right here,0.78
210,7210,"Unwatchable, I had to scroll",0.04
211,7211,"Not bad, not great either",0.43
212,7212,Lowkey the best thing on my FYP today,0.99
213,7213,Pretty mid but not terrible,0.44
214,7214,"Average content, nothing special",0.52
215,7215,"This was so clean, respect",0.92
216,7216,"It’s okay, seen better",0.45
217,7217,"Clear explanation, easy to follow",0.67
218,7218,"Loved every second, pure vibes",0.99
219,7219,"Loved every second, pure vibes",0.88
220,7220,"Painful edit, not it",0.1
221,7221,"Average content, nothing special",0.57
222,7222,"Clear explanation, easy to follow",0.65
223,7223,This was kinda mid ngl,0.23
224,7224,Some effort but not memorable,0.42
225,7225,"Solid attempt, could improve",0.58
226,7226,"This was so clean, respect",0.98
227,7227,"Alright I guess, nothing new",0.45
228,7228,Couldn’t finish this one,0.04
229,7229,Worst thing on my FYP today,0.16
230,7230,"Loved every second, pure vibes",0.99
231,7231,Some effort but not memorable,0.42
232,7232,"Clear explanation, easy to follow",0.75
233,7233,Bro thought he ate,0.3
234,7234,The editing was on point fr,0.63
235,7235,The editing was on point fr,0.7
236,7236,Lowkey the best thing on my FYP today,0.86
237,7237,"It’s okay, seen better",0.52
238,7238,Lowkey the best thing on my FYP today,0.85
239,7239,Pretty mid but not terrible,0.48
240,7240,This was kinda mid ngl,0.25
241,7241,Some effort but not memorable,0.48
242,7242,Bro thought he ate,0.22
243,7243,"Average content, nothing special",0.51
244,7244,"It’s okay, seen better",0.52
245,7245,"Loved every second, pure vibes",0.9
246,7246,"Felt dragged out, lost me halfway",0.22
247,7247,"Unwatchable, I had to scroll",0.03
248,7248,Lowkey the best thing on my FYP today,0.89
249,7249,"Solid attempt, could improve",0.53
250,7250,"Meh, it’s fine I guess",0.57
251,7251,"Meh, it’s fine I guess",0.44
252,7252,"It’s okay, seen better",0.51
253,7253,"It’s okay, seen better",0.46
254,7254,"Meh, it’s fine I guess",0.56
255,7255,"Felt dragged out, lost me halfway",0.26
256,7256,Pretty mid but not terrible,0.45
257,7257,"Highkey useful, tysm",0.61
258,7258,"Alright I guess, nothing new",0.52
259,7259,"Super basic, nothing new",0.28
260,7260,"Solid attempt, could improve",0.45
261,7261,Some effort but not memorable,0.42
262,7262,Neutral on this topic,0.49
263,7263,"The audio was rough, couldn’t listen",0.02
264,7264,"Felt dragged out, lost me halfway",0.34
265,7265,"Super basic, nothing new",0.32
266,7266,"Unwatchable, I had to scroll",0.16
267,7267,"Highkey useful, tysm",0.74
268,7268,This was kinda mid ngl,0.31
269,7269,Some effort but not memorable,0.58
270,7270,Main character energy right here,0.75
271,7271,"Not bad, not great either",0.41
272,7272,"Alright I guess, nothing new",0.58
273,7273,"Real talent, keep posting",0.85
274,7274,"This was so clean, respect",0.86
275,7275,"Felt dragged out, lost me halfway",0.26
276,7276,"This actually ate, no crumbs",0.85
277,7277,"Unwatchable, I had to scroll",0.06
278,7278,Couldn’t finish this one,0.08
279,7279,"Real talent, keep posting",0.96
280,7280,"This was so clean, respect",0.94
281,7281,Main character energy right here,0.61
282,7282,"Unwatchable, I had to scroll",0.19
283,7283,"Average content, nothing special",0.52
284,7284,This was kinda mid ngl,0.3
285,7285,Neutral on this topic,0.51
286,7286,"Meh, it’s fine I guess",0.58
287,7287,This was kinda mid ngl,0.34
288,7288,"Not bad, not great either",0.51
289,7289,"Painful edit, not it",0.05
290,7290,Worst thing on my FYP today,0.15
291,7291,"Unwatchable, I had to scroll",0.0
292,7292,"Felt dragged out, lost me halfway",0.36
293,7293,"Felt dragged out, lost me halfway",0.29
294,7294,"This was so clean, respect",1.0
295,7295,"Solid attempt, could improve",0.5
296,7296,Production felt so cheap,0.12
297,7297,Bro thought he ate,0.31
298,7298,Pretty mid but not terrible,0.44
299,7299,This was kinda mid ngl,0.4
300,7300,"Not bad, not great either",0.55
301,7301,"Painful edit, not it",0.1
302,7302,Production felt so cheap,0.08
303,7303,"Highkey useful, tysm",0.6
304,7304,"It’s okay, seen better",0.56
305,7305,"Painful edit, not it",0.15
306,7306,"Solid attempt, could improve",0.55
307,7307,"This actually ate, no crumbs",0.98
308,7308,Some effort but not memorable,0.44
309,7309,Main character energy right here,0.66
310,7310,Neutral on this topic,0.57
311,7311,Production felt so cheap,0.16
312,7312,"Highkey useful, tysm",0.75
313,7313,"Loved every second, pure vibes",0.98
314,7314,"Highkey useful, tysm",0.64
315,7315,"Painful edit, not it",0.16
316,7316,Couldn’t finish this one,0.13
317,7317,"Alright I guess, nothing new",0.49
318,7318,"Highkey useful, tysm",0.78
319,7319,"Solid attempt, could improve",0.57
320,7320,Okay-ish but kinda bland,0.42
321,7321,"Unwatchable, I had to scroll",0.14
322,7322,"This is next level, wow",0.98
323,7323,Some effort but not memorable,0.53
324,7324,"This actually ate, no crumbs",0.86
325,7325,Couldn’t finish this one,0.06
326,7326,The editing was on point fr,0.62
327,7327,"Felt dragged out, lost me halfway",0.3
328,7328,Pretty mid but not terrible,0.44
329,7329,Some effort but not memorable,0.54
330,7330,Main character energy right here,0.68
331,7331,"This actually ate, no crumbs",0.85
332,7332,"This was so clean, respect",0.84
333,7333,This was kinda mid ngl,0.28
334,7334,"Meh, it’s fine I guess",0.44
335,7335,Some effort but not memorable,0.48
336,7336,"Alright I guess, nothing new",0.52
337,7337,Neutral on this topic,0.49
338,7338,Couldn’t finish this one,0.08
339,7339,Neutral on this topic,0.53
340,7340,Neutral on this topic,0.44
341,7341,"Solid attempt, could improve",0.47
342,7342,Okay-ish but kinda bland,0.42
343,7343,"Felt dragged out, lost me halfway",0.3
344,7344,Neutral on this topic,0.57
345,7345,The editing was on point fr,0.77
346,7346,"It’s okay, seen better",0.47
347,7347,"Super basic, nothing new",0.39
348,7348,Couldn’t finish this one,0.1
349,7349,Neutral on this topic,0.41
350,7350,"The audio was rough, couldn’t listen",0.2
351,7351,"Meh, it’s fine I guess",0.54
352,7352,This was kinda mid ngl,0.29
353,7353,"Solid attempt, could improve",0.46
354,7354,Bro thought he ate,0.35
355,7355,Some effort but not memorable,0.51
356,7356,"The audio was rough, couldn’t listen",0.2
357,7357,"Painful edit, not it",0.04
358,7358,Couldn’t finish this one,0.16
359,7359,"Real talent, keep posting",0.93
360,7360,"This actually ate, no crumbs",0.86
361,7361,The editing was on point fr,0.68
362,7362,Neutral on this topic,0.47
363,7363,"Real talent, keep posting",0.88
364,7364,Production felt so cheap,0.16
365,7365,"Real talent, keep posting",0.97
366,7366,"Not bad, not great either",0.52
367,7367,Pretty mid but not terrible,0.5
368,7368,Bro thought he ate,0.3
369,7369,"This was so clean, respect",0.99
370,7370,"The audio was rough, couldn’t listen",0.19
371,7371,This was kinda mid ngl,0.4
372,7372,"Average content, nothing special",0.46
373,7373,"Alright I guess, nothing new",0.52
374,7374,"This is next level, wow",0.92
375,7375,Neutral on this topic,0.56
376,7376,"Meh, it’s fine I guess",0.49
377,7377,Main character energy right here,0.73
378,7378,"This actually ate, no crumbs",0.92
379,7379,"This actually ate, no crumbs",0.96
380,7380,"This is next level, wow",0.89
381,7381,Some effort but not memorable,0.49
382,7382,Production felt so cheap,0.12
383,7383,Neutral on this topic,0.42
384,7384,"This was so clean, respect",0.97
385,7385,"Unwatchable, I had to scroll",0.04
386,7386,Lowkey the best thing on my FYP today,0.87
387,7387,"Super basic, nothing new",0.26
388,7388,"Meh, it’s fine I guess",0.56
389,7389,This was kinda mid ngl,0.33
390,7390,"Painful edit, not it",0.12
391,7391,Okay-ish but kinda bland,0.44
392,7392,"Painful edit, not it",0.16
393,7393,"This was so clean, respect",0.82
394,7394,This was kinda mid ngl,0.25
395,7395,Bro thought he ate,0.27
396,7396,"The audio was rough, couldn’t listen",0.11
397,7397,Couldn’t finish this one,0.2
398,7398,"Unwatchable, I had to scroll",0.2
399,7399,"Painful edit, not it",0.16
400,7400,"Meh, it’s fine I guess",0.57
401,7401,"Loved every second, pure vibes",0.88
402,7402,"Not bad, not great either",0.54
403,7403,"Unwatchable, I had to scroll",0.17
404,7404,"Not bad, not great either",0.55
405,7405,"The audio was rough, couldn’t listen",0.17
406,7406,Lowkey the best thing on my FYP today,0.81
407,7407,"This was so clean, respect",0.86
408,7408,"This was so clean, respect",0.94
409,7409,"This actually ate, no crumbs",0.93
410,7410,"Loved every second, pure vibes",0.9
411,7411,"Average content, nothing special",0.57
412,7412,"Highkey useful, tysm",0.71
413,7413,"Painful edit, not it",0.05
414,7414,"Average content, nothing special",0.43
415,7415,"This is next level, wow",0.85
416,7416,Pretty mid but not terrible,0.53
417,7417,"Not bad, not great either",0.42
418,7418,Pretty mid but not terrible,0.49
419,7419,"Painful edit, not it",0.11
420,7420,"It’s okay, seen better",0.49
421,7421,"This was so clean, respect",0.84
422,7422,"Meh, it’s fine I guess",0.5
423,7423,"Highkey useful, tysm",0.66
424,7424,"Solid attempt, could improve",0.44
425,7425,Lowkey the best thing on my FYP today,0.92
426,7426,"The audio was rough, couldn’t listen",0.03
427,7427,The editing was on point fr,0.65
428,7428,The editing was on point fr,0.79
429,7429,Bro thought he ate,0.38
430,7430,"Solid attempt, could improve",0.58
431,7431,"Painful edit, not it",0.0
432,7432,This was kinda mid ngl,0.28
433,7433,Some effort but not memorable,0.47
434,7434,Okay-ish but kinda bland,0.52
435,7435,"Unwatchable, I had to scroll",0.13
436,7436,"Unwatchable, I had to scroll",0.09
437,7437,The editing was on point fr,0.75
438,7438,"Real talent, keep posting",0.87
439,7439,Worst thing on my FYP today,0.11
440,7440,"Not bad, not great either",0.47
441,7441,"It’s okay, seen better",0.53
442,7442,"Painful edit, not it",0.04
443,7443,"This was so clean, respect",0.89
444,7444,"Clear explanation, easy to follow",0.68
445,7445,"It’s okay, seen better",0.49
446,7446,"Unwatchable, I had to scroll",0.11
447,7447,This was kinda mid ngl,0.34
448,7448,"Clear explanation, easy to follow",0.79
449,7449,"Highkey useful, tysm",0.76
450,7450,"Highkey useful, tysm",0.63
451,7451,Okay-ish but kinda bland,0.53
452,7452,"The audio was rough, couldn’t listen",0.01
453,7453,"Felt dragged out, lost me halfway",0.26
454,7454,This was kinda mid ngl,0.32
455,7455,Neutral on this topic,0.5
456,7456,Couldn’t finish this one,0.11
457,7457,"It’s okay, seen better",0.56
458,7458,Okay-ish but kinda bland,0.42
459,7459,Lowkey the best thing on my FYP today,0.98
460,7460,"Highkey useful, tysm",0.6
461,7461,"The audio was rough, couldn’t listen",0.12
462,7462,Worst thing on my FYP today,0.03
463,7463,"Painful edit, not it",0.05
464,7464,Bro thought he ate,0.29
465,7465,Bro thought he ate,0.24
466,7466,Couldn’t finish this one,0.17
467,7467,"This actually ate, no crumbs",0.96
468,7468,"Clear explanation, easy to follow",0.74
469,7469,"Meh, it’s fine I guess",0.47
470,7470,Couldn’t finish this one,0.05
471,7471,Pretty mid but not terrible,0.59
472,7472,"Painful edit, not it",0.09
473,7473,"Real talent, keep posting",0.91
474,7474,"Loved every second, pure vibes",0.81
475,7475,"Super basic, nothing new",0.37
476,7476,"Meh, it’s fine I guess",0.57
477,7477,"Meh, it’s fine I guess",0.52
478,7478,"Alright I guess, nothing new",0.54
479,7479,Bro thought he ate,0.35
480,7480,Bro thought he ate,0.23
481,7481,Some effort but not memorable,0.44
482,7482,Worst thing on my FYP today,0.1
483,7483,"Loved every second, pure vibes",0.87
484,7484,"Solid attempt, could improve",0.44
485,7485,"Clear explanation, easy to follow",0.77
486,7486,"Highkey useful, tysm",0.62
487,7487,"This was so clean, respect",0.84
488,7488,"It’s okay, seen better",0.48
489,7489,"Solid attempt, could improve",0.52
490,7490,"Not bad, not great either",0.51
491,7491,Worst thing on my FYP today,0.07
492,7492,"This is next level, wow",0.98
493,7493,Pretty mid but not terrible,0.5
494,7494,"Clear explanation, easy to follow",0.67
495,7495,"Average content, nothing special",0.58
496,7496,"Loved every second, pure vibes",0.89
497,7497,Neutral on this topic,0.45
498,7498,This was kinda mid ngl,0.39
499,7499,"Clear explanation, easy to follow",0.62
500,7500,"Highkey useful, tysm",0.73
501,7501,"This was so clean, respect",0.89
502,7502,Neutral on this topic,0.48
503,7503,Worst thing on my FYP today,0.07
504,7504,This was kinda mid ngl,0.25
505,7505,Neutral on this topic,0.45
506,7506,"It’s okay, seen better",0.49
507,7507,Production felt so cheap,0.07
508,7508,"Meh, it’s fine I guess",0.57
509,7509,"Felt dragged out, lost me halfway",0.26
510,7510,Couldn’t finish this one,0.03
511,7511,"Solid attempt, could improve",0.57
512,7512,"The audio was rough, couldn’t listen",0.01
513,7513,"Meh, it’s fine I guess",0.52
514,7514,Worst thing on my FYP today,0.13
515,7515,"Felt dragged out, lost me halfway",0.28
516,7516,"Meh, it’s fine I guess",0.54
517,7517,"The audio was rough, couldn’t listen",0.01
518,7518,"This actually ate, no crumbs",0.99
519,7519,Bro thought he ate,0.35
520,7520,Production felt so cheap,0.05
521,7521,Some effort but not memorable,0.58
522,7522,"Unwatchable, I had to scroll",0.01
523,7523,Couldn’t finish this one,0.11
524,7524,"Clear explanation, easy to follow",0.64
525,7525,"Painful edit, not it",0.17
526,7526,"Solid attempt, could improve",0.47
527,7527,Couldn’t finish this one,0.14
528,7528,Couldn’t finish this one,0.1
529,7529,"Felt dragged out, lost me halfway",0.31
530,7530,Main character energy right here,0.72
531,7531,"Not bad, not great either",0.43
532,7532,"Meh, it’s fine I guess",0.43
533,7533,"It’s okay, seen better",0.42
534,7534,"Solid attempt, could improve",0.44
535,7535,"Highkey useful, tysm",0.79
536,7536,"Felt dragged out, lost me halfway",0.36
537,7537,Okay-ish but kinda bland,0.42
538,7538,"It’s okay, seen better",0.59
539,7539,Pretty mid but not terrible,0.59
540,7540,"This is next level, wow",0.86
541,7541,Production felt so cheap,0.13
542,7542,"Solid attempt, could improve",0.55
543,7543,Some effort but not memorable,0.45
544,7544,Neutral on this topic,0.49
545,7545,"Felt dragged out, lost me halfway",0.27
546,7546,Production felt so cheap,0.05
547,7547,Neutral on this topic,0.51
548,7548,Production felt so cheap,0.15
549,7549,Couldn’t finish this one,0.08
550,7550,"This is next level, wow",0.92
551,7551,Okay-ish but kinda bland,0.42
552,7552,"Unwatchable, I had to scroll",0.05
553,7553,"Alright I guess, nothing new",0.41
554,7554,Neutral on this topic,0.43
555,7555,"Solid attempt, could improve",0.49
556,7556,"Alright I guess, nothing new",0.5
557,7557,The editing was on point fr,0.61
558,7558,Production felt so cheap,0.07
559,7559,"The audio was rough, couldn’t listen",0.04
560,7560,"Alright I guess, nothing new",0.51
561,7561,"This was so clean, respect",0.88
562,7562,"Highkey useful, tysm",0.7
563,7563,"Alright I guess, nothing new",0.49
564,7564,Main character energy right here,0.71
565,7565,Bro thought he ate,0.32
566,7566,Worst thing on my FYP today,0.14
567,7567,"Super basic, nothing new",0.39
568,7568,"Real talent, keep posting",0.9
569,7569,"The audio was rough, couldn’t listen",0.03
570,7570,"Solid attempt, could improve",0.5
571,7571,Main character energy right here,0.65
572,7572,This was kinda mid ngl,0.36
573,7573,"Clear explanation, easy to follow",0.6
574,7574,"Felt dragged out, lost me halfway",0.28
575,7575,Pretty mid but not terrible,0.47
576,7576,"The audio was rough, couldn’t listen",0.07
577,7577,"This was so clean, respect",0.99
578,7578,"Loved every second, pure vibes",0.93
579,7579,"Felt dragged out, lost me halfway",0.23
580,7580,"This actually ate, no crumbs",0.94
581,7581,Pretty mid but not terrible,0.48
582,7582,"Real talent, keep posting",0.92
583,7583,"Meh, it’s fine I guess",0.43
584,7584,Okay-ish but kinda bland,0.53
585,7585,"Highkey useful, tysm",0.68
586,7586,"Painful edit, not it",0.04
587,7587,"It’s okay, seen better",0.48
588,7588,"This was so clean, respect",0.98
589,7589,"Not bad, not great either",0.56
590,7590,Some effort but not memorable,0.51
591,7591,"This actually ate, no crumbs",0.94
592,7592,"Alright I guess, nothing new",0.49
593,7593,This was kinda mid ngl,0.24
594,7594,"This actually ate, no crumbs",0.84
595,7595,"Super basic, nothing new",0.22
596,7596,Some effort but not memorable,0.47
597,7597,"Super basic, nothing new",0.39
598,7598,"Felt dragged out, lost me halfway",0.31
599,7599,"The audio was rough, couldn’t listen",0.07
600,7600,"Highkey useful, tysm",0.72
601,7601,"Highkey useful, tysm",0.68
602,7602,Okay-ish but kinda bland,0.54
603,7603,"Loved every second, pure vibes",0.82
604,7604,"This is next level, wow",0.87
605,7605,"Highkey useful, tysm",0.71
606,7606,"Highkey useful, tysm",0.76
607,7607,"Highkey useful, tysm",0.63
608,7608,"This is next level, wow",0.9
609,7609,The editing was on point fr,0.61
610,7610,Okay-ish but kinda bland,0.47
611,7611,Production felt so cheap,0.16
612,7612,Bro thought he ate,0.3
613,7613,"Real talent, keep posting",0.97
614,7614,Lowkey the best thing on my FYP today,0.95
615,7615,"Average content, nothing special",0.59
616,7616,Okay-ish but kinda bland,0.49
617,7617,Couldn’t finish this one,0.13
618,7618,"This is next level, wow",0.9
619,7619,Production felt so cheap,0.13
620,7620,Some effort but not memorable,0.5
621,7621,Production felt so cheap,0.04
622,7622,"Alright I guess, nothing new",0.42
623,7623,"Alright I guess, nothing new",0.59
624,7624,Some effort but not memorable,0.55
625,7625,"This was so clean, respect",0.94
626,7626,"This was so clean, respect",0.97
627,7627,"This actually ate, no crumbs",0.98
628,7628,"Solid attempt, could improve",0.54
629,7629,"Super basic, nothing new",0.35
630,7630,Worst thing on my FYP today,0.15
631,7631,"Loved every second, pure vibes",0.89
632,7632,Okay-ish but kinda bland,0.57
633,7633,"Meh, it’s fine I guess",0.52
634,7634,Pretty mid but not terrible,0.5
635,7635,"Average content, nothing special",0.54
636,7636,"Felt dragged out, lost me halfway",0.33
637,7637,"Alright I guess, nothing new",0.51
638,7638,"Alright I guess, nothing new",0.57
639,7639,"Real talent, keep posting",0.88
640,7640,This was kinda mid ngl,0.35
641,7641,"Super basic, nothing new",0.38
642,7642,"Alright I guess, nothing new",0.42
643,7643,"Clear explanation, easy to follow",0.7
644,7644,Some effort but not memorable,0.58
645,7645,"Painful edit, not it",0.11
646,7646,"This actually ate, no crumbs",0.98
647,7647,"Meh, it’s fine I guess",0.56
648,7648,"Unwatchable, I had to scroll",0.13
649,7649,The editing was on point fr,0.75
650,7650,Couldn’t finish this one,0.16
651,7651,Neutral on this topic,0.43
652,7652,"The audio was rough, couldn’t listen",0.11
653,7653,Some effort but not memorable,0.56
654,7654,"Not bad, not great either",0.53
655,7655,"It’s okay, seen better",0.44
656,7656,"Average content, nothing special",0.54
657,7657,Production felt so cheap,0.06
658,7658,"Loved every second, pure vibes",0.84
659,7659,"Meh, it’s fine I guess",0.55
660,7660,"Alright I guess, nothing new",0.54
661,7661,Neutral on this topic,0.43
662,7662,Production felt so cheap,0.13
663,7663,"Loved every second, pure vibes",0.83
664,7664,"Not bad, not great either",0.51
665,7665,"This is next level, wow",0.87
666,7666,Bro thought he ate,0.35
667,7667,"This actually ate, no crumbs",0.99
668,7668,"This is next level, wow",0.89
669,7669,"Average content, nothing special",0.49
670,7670,"Solid attempt, could improve",0.44
671,7671,"Not bad, not great either",0.42
672,7672,"Super basic, nothing new",0.37
673,7673,The editing was on point fr,0.7
674,7674,"This is next level, wow",0.9
675,7675,"Loved every second, pure vibes",0.99
676,7676,"Painful edit, not it",0.14
677,7677,"Alright I guess, nothing new",0.44
678,7678,"Not bad, not great either",0.53
679,7679,"Felt dragged out, lost me halfway",0.3
680,7680,Some effort but not memorable,0.43
681,7681,Lowkey the best thing on my FYP today,0.8
682,7682,"This actually ate, no crumbs",0.95
683,7683,Pretty mid but not terrible,0.58
684,7684,"Highkey useful, tysm",0.7
685,7685,Okay-ish but kinda bland,0.52
686,7686,Okay-ish but kinda bland,0.55
687,7687,This was kinda mid ngl,0.3
688,7688,"Felt dragged out, lost me halfway",0.29
689,7689,"Average content, nothing special",0.42
690,7690,"This is next level, wow",0.85
691,7691,Bro thought he ate,0.25
692,7692,"Highkey useful, tysm",0.76
693,7693,Some effort but not memorable,0.48
694,7694,"Alright I guess, nothing new",0.5
695,7695,"Loved every second, pure vibes",0.93
696,7696,"Solid attempt, could improve",0.57
697,7697,Neutral on this topic,0.49
698,7698,"Loved every second, pure vibes",0.96
699,7699,Worst thing on my FYP today,0.16
700,7700,Okay-ish but kinda bland,0.57
701,7701,"It’s okay, seen better",0.46
702,7702,Neutral on this topic,0.45
703,7703,"It’s okay, seen better",0.54
704,7704,"This actually ate, no crumbs",0.9
705,7705,"Felt dragged out, lost me halfway",0.21
706,7706,Pretty mid but not terrible,0.48
707,7707,"This actually ate, no crumbs",0.98
708,7708,"Alright I guess, nothing new",0.44
709,7709,"The audio was rough, couldn’t listen",0.14
710,7710,"This actually ate, no crumbs",0.95
711,7711,"Real talent, keep posting",0.84
712,7712,"It’s okay, seen better",0.58
713,7713,Couldn’t finish this one,0.18
714,7714,"Not bad, not great either",0.52
715,7715,"Average content, nothing special",0.51
716,7716,"Highkey useful, tysm",0.76
717,7717,"Average content, nothing special",0.43
718,7718,"Alright I guess, nothing new",0.43
719,7719,"Super basic, nothing new",0.31
720,7720,"Not bad, not great either",0.47
721,7721,"This actually ate, no crumbs",0.8
722,7722,"The audio was rough, couldn’t listen",0.07
723,7723,"Felt dragged out, lost me halfway",0.21
724,7724,Production felt so cheap,0.03
725,7725,"Clear explanation, easy to follow",0.7
726,7726,This was kinda mid ngl,0.29
727,7727,"Meh, it’s fine I guess",0.51
728,7728,Some effort but not memorable,0.51
729,7729,Worst thing on my FYP today,0.07
730,7730,"This is next level, wow",0.82
731,7731,Some effort but not memorable,0.54
732,7732,Pretty mid but not terrible,0.56
733,7733,Lowkey the best thing on my FYP today,0.81
734,7734,"Clear explanation, easy to follow",0.62
735,7735,"Loved every second, pure vibes",0.99
736,7736,"Real talent, keep posting",0.8
737,7737,Okay-ish but kinda bland,0.49
738,7738,Okay-ish but kinda bland,0.42
739,7739,Production felt so cheap,0.0
740,7740,This was kinda mid ngl,0.22
741,7741,Bro thought he ate,0.33
742,7742,"It’s okay, seen better",0.58
743,7743,"This was so clean, respect",0.97
744,7744,"Meh, it’s fine I guess",0.51
745,7745,"Solid attempt, could improve",0.44
746,7746,Production felt so cheap,0.16
747,7747,"Highkey useful, tysm",0.61
748,7748,This was kinda mid ngl,0.33
749,7749,Main character energy right here,0.7
750,7750,Lowkey the best thing on my FYP today,0.96
751,7751,The editing was on point fr,0.68
752,7752,The editing was on point fr,0.68
753,7753,Main character energy right here,0.66
754,7754,"Clear explanation, easy to follow",0.64
755,7755,The editing was on point fr,0.77
756,7756,Some effort but not memorable,0.43
757,7757,"Felt dragged out, lost me halfway",0.32
758,7758,"Clear explanation, easy to follow",0.73
759,7759,"Unwatchable, I had to scroll",0.09
760,7760,"This actually ate, no crumbs",0.95
761,7761,"Highkey useful, tysm",0.65
762,7762,Production felt so cheap,0.18
763,7763,Neutral on this topic,0.48
764,7764,Pretty mid but not terrible,0.58
765,7765,"Felt dragged out, lost me halfway",0.29
766,7766,"Felt dragged out, lost me halfway",0.37
767,7767,Bro thought he ate,0.29
768,7768,"This actually ate, no crumbs",0.98
769,7769,Neutral on this topic,0.52
770,7770,"Not bad, not great either",0.45
771,7771,Neutral on this topic,0.49
772,7772,"Alright I guess, nothing new",0.52
773,7773,"Highkey useful, tysm",0.66
774,7774,"Unwatchable, I had to scroll",0.15
775,7775,Okay-ish but kinda bland,0.45
776,7776,"Meh, it’s fine I guess",0.43
777,7777,Worst thing on my FYP today,0.02
778,7778,Pretty mid but not terrible,0.52
779,7779,Neutral on this topic,0.42
780,7780,"Alright I guess, nothing new",0.46
781,7781,"Average content, nothing special",0.43
782,7782,"This was so clean, respect",0.95
783,7783,Neutral on this topic,0.45
784,7784,Neutral on this topic,0.45
785,7785,Okay-ish but kinda bland,0.5
786,7786,"This was so clean, respect",1.0
787,7787,Production felt so cheap,0.17
788,7788,"Super basic, nothing new",0.24
789,7789,Okay-ish but kinda bland,0.42
790,7790,"Unwatchable, I had to scroll",0.05
791,7791,"Alright I guess, nothing new",0.47
792,7792,"This was so clean, respect",0.89
793,7793,Neutral on this topic,0.49
794,7794,"Felt dragged out, lost me halfway",0.25
795,7795,"Felt dragged out, lost me halfway",0.26
796,7796,Worst thing on my FYP today,0.08
797,7797,"Super basic, nothing new",0.23
798,7798,"Solid attempt, could improve",0.43
799,7799,Okay-ish but kinda bland,0.42
800,7800,Pretty mid but not terrible,0.46
801,7801,Pretty mid but not terrible,0.43
802,7802,"Painful edit, not it",0.0
803,7803,"Average content, nothing special",0.59
804,7804,Worst thing on my FYP today,0.12
805,7805,"Highkey useful, tysm",0.78
806,7806,Neutral on this topic,0.43
807,7807,Couldn’t finish this one,0.04
808,7808,Couldn’t finish this one,0.11
809,7809,Bro thought he ate,0.25
810,7810,Pretty mid but not terrible,0.42
811,7811,Neutral on this topic,0.53
812,7812,Neutral on this topic,0.42
813,7813,Couldn’t finish this one,0.18
814,7814,"Highkey useful, tysm",0.78
815,7815,"Average content, nothing special",0.59
816,7816,"The audio was rough, couldn’t listen",0.12
817,7817,"Highkey useful, tysm",0.62
818,7818,"Solid attempt, could improve",0.53
819,7819,"Clear explanation, easy to follow",0.76
820,7820,"This actually ate, no crumbs",0.85
821,7821,"Solid attempt, could improve",0.53
822,7822,"Highkey useful, tysm",0.71
823,7823,"Super basic, nothing new",0.35
824,7824,"This is next level, wow",0.94
825,7825,"Real talent, keep posting",0.92
826,7826,"Super basic, nothing new",0.34
827,7827,"Average content, nothing special",0.41
828,7828,"Average content, nothing special",0.41
829,7829,Some effort but not memorable,0.55
830,7830,"This actually ate, no crumbs",0.85
831,7831,Couldn’t finish this one,0.08
832,7832,"It’s okay, seen better",0.45
833,7833,"This actually ate, no crumbs",0.89
834,7834,Neutral on this topic,0.43
835,7835,The editing was on point fr,0.7
836,7836,"This actually ate, no crumbs",0.9
837,7837,"Highkey useful, tysm",0.76
838,7838,"Solid attempt, could improve",0.45
839,7839,Production felt so cheap,0.05
840,7840,"This is next level, wow",0.87
841,7841,"Average content, nothing special",0.42
842,7842,Couldn’t finish this one,0.18
843,7843,"Loved every second, pure vibes",0.98
844,7844,Pretty mid but not terrible,0.42
845,7845,Lowkey the best thing on my FYP today,0.93
846,7846,"This was so clean, respect",0.83
847,7847,"This actually ate, no crumbs",0.92
848,7848,"Clear explanation, easy to follow",0.62
849,7849,"Highkey useful, tysm",0.61
850,7850,"Not bad, not great either",0.42
851,7851,Couldn’t finish this one,0.1
852,7852,"This was so clean, respect",0.85
853,7853,"Highkey useful, tysm",0.78
854,7854,"Clear explanation, easy to follow",0.75
855,7855,The editing was on point fr,0.63
856,7856,Neutral on this topic,0.46
857,7857,Neutral on this topic,0.54
858,7858,"Clear explanation, easy to follow",0.74
859,7859,Production felt so cheap,0.03
860,7860,"Felt dragged out, lost me halfway",0.23
861,7861,Production felt so cheap,0.06
862,7862,"Real talent, keep posting",0.97
863,7863,Some effort but not memorable,0.57
864,7864,Bro thought he ate,0.22
865,7865,"Super basic, nothing new",0.28
866,7866,"Super basic, nothing new",0.33
867,7867,Main character energy right here,0.68
868,7868,Production felt so cheap,0.06
869,7869,"Real talent, keep posting",0.98
870,7870,"Painful edit, not it",0.18
871,7871,Pretty mid but not terrible,0.45
872,7872,"Real talent, keep posting",0.81
873,7873,"Highkey useful, tysm",0.76
874,7874,"Real talent, keep posting",0.89
875,7875,Lowkey the best thing on my FYP today,0.84
876,7876,"Highkey useful, tysm",0.77
877,7877,"Loved every second, pure vibes",0.98
878,7878,Couldn’t finish this one,0.11
879,7879,Okay-ish but kinda bland,0.46
880,7880,Couldn’t finish this one,0.19
881,7881,This was kinda mid ngl,0.21
882,7882,Bro thought he ate,0.37
883,7883,"Super basic, nothing new",0.33
884,7884,Some effort but not memorable,0.48
885,7885,Worst thing on my FYP today,0.15
886,7886,"Solid attempt, could improve",0.57
887,7887,"This is next level, wow",0.85
888,7888,"It’s okay, seen better",0.57
889,7889,"Highkey useful, tysm",0.67
890,7890,Main character energy right here,0.77
891,7891,"The audio was rough, couldn’t listen",0.11
892,7892,"Felt dragged out, lost me halfway",0.25
893,7893,The editing was on point fr,0.77
894,7894,"Super basic, nothing new",0.26
895,7895,Lowkey the best thing on my FYP today,0.93
896,7896,This was kinda mid ngl,0.38
897,7897,Neutral on this topic,0.56
898,7898,"Highkey useful, tysm",0.68
899,7899,"Felt dragged out, lost me halfway",0.31
900,7900,"Solid attempt, could improve",0.58
901,7901,Main character energy right here,0.69
902,7902,"Meh, it’s fine I guess",0.54
903,7903,"Felt dragged out, lost me halfway",0.25
904,7904,"Clear explanation, easy to follow",0.66
905,7905,"Unwatchable, I had to scroll",0.14
906,7906,"Real talent, keep posting",0.96
907,7907,"This actually ate, no crumbs",0.82
908,7908,"Average content, nothing special",0.56
909,7909,"The audio was rough, couldn’t listen",0.19
910,7910,"This was so clean, respect",1.0
911,7911,Production felt so cheap,0.02
912,7912,"Unwatchable, I had to scroll",0.13
913,7913,The editing was on point fr,0.75
914,7914,Lowkey the best thing on my FYP today,0.85
915,7915,Couldn’t finish this one,0.14
916,7916,"This is next level, wow",0.96
917,7917,"This actually ate, no crumbs",0.86
918,7918,"The audio was rough, couldn’t listen",0.09
919,7919,"Felt dragged out, lost me halfway",0.29
920,7920,Main character energy right here,0.66
921,7921,This was kinda mid ngl,0.36
922,7922,"It’s okay, seen better",0.44
923,7923,"Highkey useful, tysm",0.63
924,7924,"The audio was rough, couldn’t listen",0.15
925,7925,"This actually ate, no crumbs",0.87
926,7926,This was kinda mid ngl,0.25
927,7927,"Real talent, keep posting",0.89
928,7928,"Alright I guess, nothing new",0.46
929,7929,"Painful edit, not it",0.12
930,7930,Production felt so cheap,0.05
931,7931,Worst thing on my FYP today,0.15
932,7932,"Painful edit, not it",0.13
933,7933,Main character energy right here,0.7
934,7934,The editing was on point fr,0.68
935,7935,"Average content, nothing special",0.58
936,7936,"Alright I guess, nothing new",0.47
937,7937,"Alright I guess, nothing new",0.41
938,7938,Lowkey the best thing on my FYP today,0.8
939,7939,"Highkey useful, tysm",0.64
940,7940,"Alright I guess, nothing new",0.41
941,7941,"The audio was rough, couldn’t listen",0.02
942,7942,Bro thought he ate,0.29
943,7943,Production felt so cheap,0.08
944,7944,"This is next level, wow",0.84
945,7945,"This is next level, wow",0.93
946,7946,"Loved every second, pure vibes",0.95
947,7947,"Painful edit, not it",0.16
948,7948,"Unwatchable, I had to scroll",0.1
949,7949,"Real talent, keep posting",0.98
950,7950,Okay-ish but kinda bland,0.43
951,7951,Lowkey the best thing on my FYP today,0.86
952,7952,"Highkey useful, tysm",0.6
953,7953,"Solid attempt, could improve",0.56
954,7954,This was kinda mid ngl,0.23
955,7955,Bro thought he ate,0.31
956,7956,"This was so clean, respect",0.95
957,7957,"This actually ate, no crumbs",0.91
958,7958,"Alright I guess, nothing new",0.59
959,7959,"Super basic, nothing new",0.3
960,7960,"Real talent, keep posting",0.93
961,7961,Some effort but not memorable,0.59
962,7962,Okay-ish but kinda bland,0.53
963,7963,This was kinda mid ngl,0.35
964,7964,"Felt dragged out, lost me halfway",0.34
965,7965,"It’s okay, seen better",0.55
966,7966,"Highkey useful, tysm",0.66
967,7967,"Alright I guess, nothing new",0.49
968,7968,"Super basic, nothing new",0.32
969,7969,Main character energy right here,0.69
970,7970,"Highkey useful, tysm",0.71
971,7971,"Solid attempt, could improve",0.45
972,7972,Worst thing on my FYP today,0.2
973,7973,Some effort but not memorable,0.53
974,7974,"Average content, nothing special",0.52
975,7975,Okay-ish but kinda bland,0.53
976,7976,"Real talent, keep posting",0.93
977,7977,"Painful edit, not it",0.0
978,7978,"This was so clean, respect",0.98
979,7979,Main character energy right here,0.64
980,7980,"Average content, nothing special",0.45
981,7981,Pretty mid but not terrible,0.47
982,7982,"Not bad, not great either",0.59
983,7983,"Super basic, nothing new",0.25
984,7984,Pretty mid but not terrible,0.47
985,7985,"Loved every second, pure vibes",0.96
986,7986,"Unwatchable, I had to scroll",0.11
987,7987,Worst thing on my FYP today,0.16
988,7988,"This was so clean, respect",0.81
989,7989,The editing was on point fr,0.72
990,7990,"Not bad, not great either",0.57
991,7991,Lowkey the best thing on my FYP today,0.92
992,7992,Neutral on this topic,0.59
993,7993,"Not bad, not great either",0.54
994,7994,Pretty mid but not terrible,0.49
995,7995,Couldn’t finish this one,0.02
996,7996,"Loved every second, pure vibes",0.83
997,7997,"Loved every second, pure vibes",0.88
998,7998,Lowkey the best thing on my FYP today,0.88
999,7999,"Unwatchable, I had to scroll",0.02
1000,8000,Pretty mid but not terrible,0.41
