video_id,user_id,comment,sentiment_score,is_quality_related,quality_label,unified_score,cleaned_comment
1,7001,"Solid attempt, could improve",0.5,False,1,0.5,"solid attempt, could improve"
2,7002,"Felt dragged out, lost me halfway",0.5,False,1,0.5,"felt dragged out, lost me halfway"
3,7003,"Unwatchable, I had to scroll",0.5,True,0,0.15,"unwatchable, i had to scroll"
4,7004,Lowkey the best thing on my FYP today,1.0,False,1,1.0,lowkey the best thing on my fyp today
5,7005,"Unwatchable, I had to scroll",0.5,True,0,0.15,"unwatchable, i had to scroll"
6,7006,Pretty mid but not terrible,0.0,False,1,0.0,pretty mid but not terrible
7,7007,"The audio was rough, couldn’t listen",0.5,False,1,0.5,"the audio was rough, couldn’t listen"
8,7008,"Super basic, nothing new",0.5,False,1,0.5,"super basic, nothing new"
9,7009,"Highkey useful, tysm",0.5,False,1,0.5,"highkey useful, tysm"
10,7010,"Not bad, not great either",0.5,False,1,0.5,"not bad, not great either"
11,7011,Main character energy right here,0.5,False,1,0.5,main character energy right here
12,7012,Pretty mid but not terrible,0.0,False,1,0.0,pretty mid but not terrible
13,7013,"Solid attempt, could improve",0.5,False,1,0.5,"solid attempt, could improve"
14,7014,"Felt dragged out, lost me halfway",0.5,False,1,0.5,"felt dragged out, lost me halfway"
15,7015,"It’s okay, seen better",0.5,False,1,0.5,"it’s okay, seen better"
16,7016,"Alright I guess, nothing new",0.5,False,1,0.5,"alright i guess, nothing new"
17,7017,Pretty mid but not terrible,0.0,False,1,0.0,pretty mid but not terrible
18,7018,"Solid attempt, could improve",0.5,False,1,0.5,"solid attempt, could improve"
19,7019,"Highkey useful, tysm",0.5,False,1,0.5,"highkey useful, tysm"
20,7020,"Solid attempt, could improve",0.5,False,1,0.5,"solid attempt, could improve"
21,7021,"Solid attempt, could improve",0.5,False,1,0.5,"solid attempt, could improve"
22,7022,"Highkey useful, tysm",0.5,False,1,0.5,"highkey useful, tysm"
23,7023,Worst thing on my FYP today,0.0,False,1,0.0,worst thing on my fyp today
24,7024,"Real talent, keep posting",0.5,False,1,0.5,"real talent, keep posting"
25,7025,Pretty mid but not terrible,0.0,False,1,0.0,pretty mid but not terrible
26,7026,The editing was on point fr,0.5,False,1,0.5,the editing was on point fr
27,7027,The editing was on point fr,0.5,False,1,0.5,the editing was on point fr
28,7028,"Meh, it’s fine I guess",0.5,False,1,0.5,"meh, it’s fine i guess"
29,7029,Bro thought he ate,0.5,False,1,0.5,bro thought he ate
30,7030,"Loved every second, pure vibes",1.0,False,1,1.0,"loved every second, pure vibes"
31,7031,"Unwatchable, I had to scroll",0.5,True,0,0.15,"unwatchable, i had to scroll"
32,7032,"Solid attempt, could improve",0.5,False,1,0.5,"solid attempt, could improve"
33,7033,"Average content, nothing special",0.5,False,1,0.5,"average content, nothing special"
34,7034,"Real talent, keep posting",0.5,False,1,0.5,"real talent, keep posting"
35,7035,"This actually ate, no crumbs",0.5,False,1,0.5,"this actually ate, no crumbs"
36,7036,"This actually ate, no crumbs",0.5,False,1,0.5,"this actually ate, no crumbs"
37,7037,"Highkey useful, tysm",0.5,False,1,0.5,"highkey useful, tysm"
38,7038,"Loved every second, pure vibes",1.0,False,1,1.0,"loved every second, pure vibes"
39,7039,Some effort but not memorable,0.5,False,1,0.5,some effort but not memorable
40,7040,Main character energy right here,0.5,False,1,0.5,main character energy right here
41,7041,Some effort but not memorable,0.5,False,1,0.5,some effort but not memorable
42,7042,Worst thing on my FYP today,0.0,False,1,0.0,worst thing on my fyp today
43,7043,"This was so clean, respect",0.5,False,1,0.5,"this was so clean, respect"
44,7044,"Meh, it’s fine I guess",0.5,False,1,0.5,"meh, it’s fine i guess"
45,7045,"Average content, nothing special",0.5,False,1,0.5,"average content, nothing special"
46,7046,"Painful edit, not it",0.5,False,1,0.5,"painful edit, not it"
47,7047,Okay-ish but kinda bland,0.5,False,1,0.5,okay-ish but kinda bland
48,7048,"Meh, it’s fine I guess",0.5,False,1,0.5,"meh, it’s fine i guess"
49,7049,Lowkey the best thing on my FYP today,1.0,False,1,1.0,lowkey the best thing on my fyp today
50,7050,Lowkey the best thing on my FYP today,1.0,False,1,1.0,lowkey the best thing on my fyp today
51,7051,Okay-ish but kinda bland,0.5,False,1,0.5,okay-ish but kinda bland
52,7052,"Loved every second, pure vibes",1.0,False,1,1.0,"loved every second, pure vibes"
53,7053,"Highkey useful, tysm",0.5,False,1,0.5,"highkey useful, tysm"
54,7054,"Clear explanation, easy to follow",0.5,False,1,0.5,"clear explanation, easy to follow"
55,7055,"This was so clean, respect",0.5,False,1,0.5,"this was so clean, respect"
56,7056,"Unwatchable, I had to scroll",0.5,True,0,0.15,"unwatchable, i had to scroll"
57,7057,Pretty mid but not terrible,0.0,False,1,0.0,pretty mid but not terrible
58,7058,This was kinda mid ngl,0.5,False,1,0.5,this was kinda mid ngl
59,7059,"This actually ate, no crumbs",0.5,False,1,0.5,"this actually ate, no crumbs"
60,7060,Couldn’t finish this one,0.5,False,1,0.5,couldn’t finish this one
61,7061,The editing was on point fr,0.5,False,1,0.5,the editing was on point fr
62,7062,"Painful edit, not it",0.5,False,1,0.5,"painful edit, not it"
63,7063,Neutral on this topic,0.5,False,1,0.5,neutral on this topic
64,7064,The editing was on point fr,0.5,False,1,0.5,the editing was on point fr
65,7065,"Meh, it’s fine I guess",0.5,False,1,0.5,"meh, it’s fine i guess"
66,7066,Production felt so cheap,0.5,False,1,0.5,production felt so cheap
67,7067,Couldn’t finish this one,0.5,False,1,0.5,couldn’t finish this one
68,7068,"Super basic, nothing new",0.5,False,1,0.5,"super basic, nothing new"
69,7069,Couldn’t finish this one,0.5,False,1,0.5,couldn’t finish this one
70,7070,Main character energy right here,0.5,False,1,0.5,main character energy right here
71,7071,Okay-ish but kinda bland,0.5,False,1,0.5,okay-ish but kinda bland
72,7072,"Alright I guess, nothing new",0.5,False,1,0.5,"alright i guess, nothing new"
73,7073,"Not bad, not great either",0.5,False,1,0.5,"not bad, not great either"
74,7074,"It’s okay, seen better",0.5,False,1,0.5,"it’s okay, seen better"
75,7075,Pretty mid but not terrible,0.0,False,1,0.0,pretty mid but not terrible
76,7076,"Painful edit, not it",0.5,False,1,0.5,"painful edit, not it"
77,7077,"Painful edit, not it",0.5,False,1,0.5,"painful edit, not it"
78,7078,Lowkey the best thing on my FYP today,1.0,False,1,1.0,lowkey the best thing on my fyp today
79,7079,Worst thing on my FYP today,0.0,False,1,0.0,worst thing on my fyp today
80,7080,"Highkey useful, tysm",0.5,False,1,0.5,"highkey useful, tysm"
81,7081,The editing was on point fr,0.5,False,1,0.5,the editing was on point fr
82,7082,"Real talent, keep posting",0.5,False,1,0.5,"real talent, keep posting"
83,7083,Some effort but not memorable,0.5,False,1,0.5,some effort but not memorable
84,7084,Couldn’t finish this one,0.5,False,1,0.5,couldn’t finish this one
85,7085,"Felt dragged out, lost me halfway",0.5,False,1,0.5,"felt dragged out, lost me halfway"
86,7086,"Painful edit, not it",0.5,False,1,0.5,"painful edit, not it"
87,7087,The editing was on point fr,0.5,False,1,0.5,the editing was on point fr
88,7088,Lowkey the best thing on my FYP today,1.0,False,1,1.0,lowkey the best thing on my fyp today
89,7089,"Loved every second, pure vibes",1.0,False,1,1.0,"loved every second, pure vibes"
90,7090,"Clear explanation, easy to follow",0.5,False,1,0.5,"clear explanation, easy to follow"
91,7091,"Solid attempt, could improve",0.5,False,1,0.5,"solid attempt, could improve"
92,7092,"This actually ate, no crumbs",0.5,False,1,0.5,"this actually ate, no crumbs"
93,7093,"Meh, it’s fine I guess",0.5,False,1,0.5,"meh, it’s fine i guess"
94,7094,"Clear explanation, easy to follow",0.5,False,1,0.5,"clear explanation, easy to follow"
95,7095,"Alright I guess, nothing new",0.5,False,1,0.5,"alright i guess, nothing new"
96,7096,Couldn’t finish this one,0.5,False,1,0.5,couldn’t finish this one
97,7097,"Loved every second, pure vibes",1.0,False,1,1.0,"loved every second, pure vibes"
98,7098,Neutral on this topic,0.5,False,1,0.5,neutral on this topic
99,7099,"Not bad, not great either",0.5,False,1,0.5,"not bad, not great either"
100,7100,This was kinda mid ngl,0.5,False,1,0.5,this was kinda mid ngl
101,7101,Some effort but not memorable,0.5,False,1,0.5,some effort but not memorable
102,7102,Lowkey the best thing on my FYP today,1.0,False,1,1.0,lowkey the best thing on my fyp today
103,7103,"The audio was rough, couldn’t listen",0.5,False,1,0.5,"the audio was rough, couldn’t listen"
104,7104,Main character energy right here,0.5,False,1,0.5,main character energy right here
105,7105,"Loved every second, pure vibes",1.0,False,1,1.0,"loved every second, pure vibes"
106,7106,"Solid attempt, could improve",0.5,False,1,0.5,"solid attempt, could improve"
107,7107,"Meh, it’s fine I guess",0.5,False,1,0.5,"meh, it’s fine i guess"
108,7108,This was kinda mid ngl,0.5,False,1,0.5,this was kinda mid ngl
109,7109,"It’s okay, seen better",0.5,False,1,0.5,"it’s okay, seen better"
110,7110,Main character energy right here,0.5,False,1,0.5,main character energy right here
111,7111,"Highkey useful, tysm",0.5,False,1,0.5,"highkey useful, tysm"
112,7112,"Highkey useful, tysm",0.5,False,1,0.5,"highkey useful, tysm"
113,7113,"Unwatchable, I had to scroll",0.5,True,0,0.15,"unwatchable, i had to scroll"
114,7114,"Not bad, not great either",0.5,False,1,0.5,"not bad, not great either"
115,7115,This was kinda mid ngl,0.5,False,1,0.5,this was kinda mid ngl
116,7116,"Solid attempt, could improve",0.5,False,1,0.5,"solid attempt, could improve"
117,7117,Bro thought he ate,0.5,False,1,0.5,bro thought he ate
118,7118,"Clear explanation, easy to follow",0.5,False,1,0.5,"clear explanation, easy to follow"
119,7119,Main character energy right here,0.5,False,1,0.5,main character energy right here
120,7120,Neutral on this topic,0.5,False,1,0.5,neutral on this topic
121,7121,"It’s okay, seen better",0.5,False,1,0.5,"it’s okay, seen better"
122,7122,Main character energy right here,0.5,False,1,0.5,main character energy right here
123,7123,"Real talent, keep posting",0.5,False,1,0.5,"real talent, keep posting"
124,7124,Production felt so cheap,0.5,False,1,0.5,production felt so cheap
125,7125,"This was so clean, respect",0.5,False,1,0.5,"this was so clean, respect"
126,7126,Okay-ish but kinda bland,0.5,False,1,0.5,okay-ish but kinda bland
127,7127,"Clear explanation, easy to follow",0.5,False,1,0.5,"clear explanation, easy to follow"
128,7128,"It’s okay, seen better",0.5,False,1,0.5,"it’s okay, seen better"
129,7129,Neutral on this topic,0.5,False,1,0.5,neutral on this topic
130,7130,"Clear explanation, easy to follow",0.5,False,1,0.5,"clear explanation, easy to follow"
131,7131,This was kinda mid ngl,0.5,False,1,0.5,this was kinda mid ngl
132,7132,"Average content, nothing special",0.5,False,1,0.5,"average content, nothing special"
133,7133,"Clear explanation, easy to follow",0.5,False,1,0.5,"clear explanation, easy to follow"
134,7134,Okay-ish but kinda bland,0.5,False,1,0.5,okay-ish but kinda bland
135,7135,Production felt so cheap,0.5,False,1,0.5,production felt so cheap
136,7136,Production felt so cheap,0.5,False,1,0.5,production felt so cheap
137,7137,"Painful edit, not it",0.5,False,1,0.5,"painful edit, not it"
138,7138,"Loved every second, pure vibes",1.0,False,1,1.0,"loved every second, pure vibes"
139,7139,Production felt so cheap,0.5,False,1,0.5,production felt so cheap
140,7140,Production felt so cheap,0.5,False,1,0.5,production felt so cheap
141,7141,"Alright I guess, nothing new",0.5,False,1,0.5,"alright i guess, nothing new"
142,7142,"Not bad, not great either",0.5,False,1,0.5,"not bad, not great either"
143,7143,Neutral on this topic,0.5,False,1,0.5,neutral on this topic
144,7144,"This actually ate, no crumbs",0.5,False,1,0.5,"this actually ate, no crumbs"
145,7145,"Loved every second, pure vibes",1.0,False,1,1.0,"loved every second, pure vibes"
146,7146,"Felt dragged out, lost me halfway",0.5,False,1,0.5,"felt dragged out, lost me halfway"
147,7147,Worst thing on my FYP today,0.0,False,1,0.0,worst thing on my fyp today
148,7148,Pretty mid but not terrible,0.0,False,1,0.0,pretty mid but not terrible
149,7149,Worst thing on my FYP today,0.0,False,1,0.0,worst thing on my fyp today
150,7150,"It’s okay, seen better",0.5,False,1,0.5,"it’s okay, seen better"
151,7151,The editing was on point fr,0.5,False,1,0.5,the editing was on point fr
152,7152,"This was so clean, respect",0.5,False,1,0.5,"this was so clean, respect"
153,7153,"The audio was rough, couldn’t listen",0.5,False,1,0.5,"the audio was rough, couldn’t listen"
154,7154,"Felt dragged out, lost me halfway",0.5,False,1,0.5,"felt dragged out, lost me halfway"
155,7155,"Unwatchable, I had to scroll",0.5,True,0,0.15,"unwatchable, i had to scroll"
156,7156,"It’s okay, seen better",0.5,False,1,0.5,"it’s okay, seen better"
157,7157,Worst thing on my FYP today,0.0,False,1,0.0,worst thing on my fyp today
158,7158,"Average content, nothing special",0.5,False,1,0.5,"average content, nothing special"
159,7159,"This actually ate, no crumbs",0.5,False,1,0.5,"this actually ate, no crumbs"
160,7160,"This is next level, wow",0.5,False,1,0.5,"this is next level, wow"
161,7161,"Unwatchable, I had to scroll",0.5,True,0,0.15,"unwatchable, i had to scroll"
162,7162,"This was so clean, respect",0.5,False,1,0.5,"this was so clean, respect"
163,7163,This was kinda mid ngl,0.5,False,1,0.5,this was kinda mid ngl
164,7164,"Solid attempt, could improve",0.5,False,1,0.5,"solid attempt, could improve"
165,7165,Production felt so cheap,0.5,False,1,0.5,production felt so cheap
166,7166,Bro thought he ate,0.5,False,1,0.5,bro thought he ate
167,7167,"Loved every second, pure vibes",1.0,False,1,1.0,"loved every second, pure vibes"
168,7168,Neutral on this topic,0.5,False,1,0.5,neutral on this topic
169,7169,"Unwatchable, I had to scroll",0.5,True,0,0.15,"unwatchable, i had to scroll"
170,7170,"Highkey useful, tysm",0.5,False,1,0.5,"highkey useful, tysm"
171,7171,"This is next level, wow",0.5,False,1,0.5,"this is next level, wow"
172,7172,Worst thing on my FYP today,0.0,False,1,0.0,worst thing on my fyp today
173,7173,"Highkey useful, tysm",0.5,False,1,0.5,"highkey useful, tysm"
174,7174,Main character energy right here,0.5,False,1,0.5,main character energy right here
175,7175,"The audio was rough, couldn’t listen",0.5,False,1,0.5,"the audio was rough, couldn’t listen"
176,7176,"Super basic, nothing new",0.5,False,1,0.5,"super basic, nothing new"
177,7177,The editing was on point fr,0.5,False,1,0.5,the editing was on point fr
178,7178,This was kinda mid ngl,0.5,False,1,0.5,this was kinda mid ngl
179,7179,Okay-ish but kinda bland,0.5,False,1,0.5,okay-ish but kinda bland
180,7180,Some effort but not memorable,0.5,False,1,0.5,some effort but not memorable
181,7181,"Real talent, keep posting",0.5,False,1,0.5,"real talent, keep posting"
182,7182,"This actually ate, no crumbs",0.5,False,1,0.5,"this actually ate, no crumbs"
183,7183,"Solid attempt, could improve",0.5,False,1,0.5,"solid attempt, could improve"
184,7184,Some effort but not memorable,0.5,False,1,0.5,some effort but not memorable
185,7185,"Painful edit, not it",0.5,False,1,0.5,"painful edit, not it"
186,7186,"Highkey useful, tysm",0.5,False,1,0.5,"highkey useful, tysm"
187,7187,Okay-ish but kinda bland,0.5,False,1,0.5,okay-ish but kinda bland
188,7188,"Highkey useful, tysm",0.5,False,1,0.5,"highkey useful, tysm"
189,7189,Lowkey the best thing on my FYP today,1.0,False,1,1.0,lowkey the best thing on my fyp today
190,7190,"Not bad, not great either",0.5,False,1,0.5,"not bad, not great either"
191,7191,"This actually ate, no crumbs",0.5,False,1,0.5,"this actually ate, no crumbs"
192,7192,The editing was on point fr,0.5,False,1,0.5,the editing was on point fr
193,7193,"Felt dragged out, lost me halfway",0.5,False,1,0.5,"felt dragged out, lost me halfway"
194,7194,"Solid attempt, could improve",0.5,False,1,0.5,"solid attempt, could improve"
195,7195,"Felt dragged out, lost me halfway",0.5,False,1,0.5,"felt dragged out, lost me halfway"
196,7196,"Loved every second, pure vibes",1.0,False,1,1.0,"loved every second, pure vibes"
197,7197,"The audio was rough, couldn’t listen",0.5,False,1,0.5,"the audio was rough, couldn’t listen"
198,7198,"Alright I guess, nothing new",0.5,False,1,0.5,"alright i guess, nothing new"
199,7199,Main character energy right here,0.5,False,1,0.5,main character energy right here
200,7200,Pretty mid but not terrible,0.0,False,1,0.0,pretty mid but not terrible
201,7201,Production felt so cheap,0.5,False,1,0.5,production felt so cheap
202,7202,This was kinda mid ngl,0.5,False,1,0.5,this was kinda mid ngl
203,7203,This was kinda mid ngl,0.5,False,1,0.5,this was kinda mid ngl
204,7204,Main character energy right here,0.5,False,1,0.5,main character energy right here
205,7205,Okay-ish but kinda bland,0.5,False,1,0.5,okay-ish but kinda bland
206,7206,Pretty mid but not terrible,0.0,False,1,0.0,pretty mid but not terrible
207,7207,"Solid attempt, could improve",0.5,False,1,0.5,"solid attempt, could improve"
208,7208,Okay-ish but kinda bland,0.5,False,1,0.5,okay-ish but kinda bland
209,7209,Main character energy right here,0.5,False,1,0.5,main character energy right here
210,7210,"Unwatchable, I had to scroll",0.5,True,0,0.15,"unwatchable, i had to scroll"
211,7211,"Not bad, not great either",0.5,False,1,0.5,"not bad, not great either"
212,7212,Lowkey the best thing on my FYP today,1.0,False,1,1.0,lowkey the best thing on my fyp today
213,7213,Pretty mid but not terrible,0.0,False,1,0.0,pretty mid but not terrible
214,7214,"Average content, nothing special",0.5,False,1,0.5,"average content, nothing special"
215,7215,"This was so clean, respect",0.5,False,1,0.5,"this was so clean, respect"
216,7216,"It’s okay, seen better",0.5,False,1,0.5,"it’s okay, seen better"
217,7217,"Clear explanation, easy to follow",0.5,False,1,0.5,"clear explanation, easy to follow"
218,7218,"Loved every second, pure vibes",1.0,False,1,1.0,"loved every second, pure vibes"
219,7219,"Loved every second, pure vibes",1.0,False,1,1.0,"loved every second, pure vibes"
220,7220,"Painful edit, not it",0.5,False,1,0.5,"painful edit, not it"
221,7221,"Average content, nothing special",0.5,False,1,0.5,"average content, nothing special"
222,7222,"Clear explanation, easy to follow",0.5,False,1,0.5,"clear explanation, easy to follow"
223,7223,This was kinda mid ngl,0.5,False,1,0.5,this was kinda mid ngl
224,7224,Some effort but not memorable,0.5,False,1,0.5,some effort but not memorable
225,7225,"Solid attempt, could improve",0.5,False,1,0.5,"solid attempt, could improve"
226,7226,"This was so clean, respect",0.5,False,1,0.5,"this was so clean, respect"
227,7227,"Alright I guess, nothing new",0.5,False,1,0.5,"alright i guess, nothing new"
228,7228,Couldn’t finish this one,0.5,False,1,0.5,couldn’t finish this one
229,7229,Worst thing on my FYP today,0.0,False,1,0.0,worst thing on my fyp today
230,7230,"Loved every second, pure vibes",1.0,False,1,1.0,"loved every second, pure vibes"
231,7231,Some effort but not memorable,0.5,False,1,0.5,some effort but not memorable
232,7232,"Clear explanation, easy to follow",0.5,False,1,0.5,"clear explanation, easy to follow"
233,7233,Bro thought he ate,0.5,False,1,0.5,bro thought he ate
234,7234,The editing was on point fr,0.5,False,1,0.5,the editing was on point fr
235,7235,The editing was on point fr,0.5,False,1,0.5,the editing was on point fr
236,7236,Lowkey the best thing on my FYP today,1.0,False,1,1.0,lowkey the best thing on my fyp today
237,7237,"It’s okay, seen better",0.5,False,1,0.5,"it’s okay, seen better"
238,7238,Lowkey the best thing on my FYP today,1.0,False,1,1.0,lowkey the best thing on my fyp today
239,7239,Pretty mid but not terrible,0.0,False,1,0.0,pretty mid but not terrible
240,7240,This was kinda mid ngl,0.5,False,1,0.5,this was kinda mid ngl
241,7241,Some effort but not memorable,0.5,False,1,0.5,some effort but not memorable
242,7242,Bro thought he ate,0.5,False,1,0.5,bro thought he ate
243,7243,"Average content, nothing special",0.5,False,1,0.5,"average content, nothing special"
244,7244,"It’s okay, seen better",0.5,False,1,0.5,"it’s okay, seen better"
245,7245,"Loved every second, pure vibes",1.0,False,1,1.0,"loved every second, pure vibes"
246,7246,"Felt dragged out, lost me halfway",0.5,False,1,0.5,"felt dragged out, lost me halfway"
247,7247,"Unwatchable, I had to scroll",0.5,True,0,0.15,"unwatchable, i had to scroll"
248,7248,Lowkey the best thing on my FYP today,1.0,False,1,1.0,lowkey the best thing on my fyp today
249,7249,"Solid attempt, could improve",0.5,False,1,0.5,"solid attempt, could improve"
250,7250,"Meh, it’s fine I guess",0.5,False,1,0.5,"meh, it’s fine i guess"
251,7251,"Meh, it’s fine I guess",0.5,False,1,0.5,"meh, it’s fine i guess"
252,7252,"It’s okay, seen better",0.5,False,1,0.5,"it’s okay, seen better"
253,7253,"It’s okay, seen better",0.5,False,1,0.5,"it’s okay, seen better"
254,7254,"Meh, it’s fine I guess",0.5,False,1,0.5,"meh, it’s fine i guess"
255,7255,"Felt dragged out, lost me halfway",0.5,False,1,0.5,"felt dragged out, lost me halfway"
256,7256,Pretty mid but not terrible,0.0,False,1,0.0,pretty mid but not terrible
257,7257,"Highkey useful, tysm",0.5,False,1,0.5,"highkey useful, tysm"
258,7258,"Alright I guess, nothing new",0.5,False,1,0.5,"alright i guess, nothing new"
259,7259,"Super basic, nothing new",0.5,False,1,0.5,"super basic, nothing new"
260,7260,"Solid attempt, could improve",0.5,False,1,0.5,"solid attempt, could improve"
261,7261,Some effort but not memorable,0.5,False,1,0.5,some effort but not memorable
262,7262,Neutral on this topic,0.5,False,1,0.5,neutral on this topic
263,7263,"The audio was rough, couldn’t listen",0.5,False,1,0.5,"the audio was rough, couldn’t listen"
264,7264,"Felt dragged out, lost me halfway",0.5,False,1,0.5,"felt dragged out, lost me halfway"
265,7265,"Super basic, nothing new",0.5,False,1,0.5,"super basic, nothing new"
266,7266,"Unwatchable, I had to scroll",0.5,True,0,0.15,"unwatchable, i had to scroll"
267,7267,"Highkey useful, tysm",0.5,False,1,0.5,"highkey useful, tysm"
268,7268,This was kinda mid ngl,0.5,False,1,0.5,this was kinda mid ngl
269,7269,Some effort but not memorable,0.5,False,1,0.5,some effort but not memorable
270,7270,Main character energy right here,0.5,False,1,0.5,main character energy right here
271,7271,"Not bad, not great either",0.5,False,1,0.5,"not bad, not great either"
272,7272,"Alright I guess, nothing new",0.5,False,1,0.5,"alright i guess, nothing new"
273,7273,"Real talent, keep posting",0.5,False,1,0.5,"real talent, keep posting"
274,7274,"This was so clean, respect",0.5,False,1,0.5,"this was so clean, respect"
275,7275,"Felt dragged out, lost me halfway",0.5,False,1,0.5,"felt dragged out, lost me halfway"
276,7276,"This actually ate, no crumbs",0.5,False,1,0.5,"this actually ate, no crumbs"
277,7277,"Unwatchable, I had to scroll",0.5,True,0,0.15,"unwatchable, i had to scroll"
278,7278,Couldn’t finish this one,0.5,False,1,0.5,couldn’t finish this one
279,7279,"Real talent, keep posting",0.5,False,1,0.5,"real talent, keep posting"
280,7280,"This was so clean, respect",0.5,False,1,0.5,"this was so clean, respect"
281,7281,Main character energy right here,0.5,False,1,0.5,main character energy right here
282,7282,"Unwatchable, I had to scroll",0.5,True,0,0.15,"unwatchable, i had to scroll"
283,7283,"Average content, nothing special",0.5,False,1,0.5,"average content, nothing special"
284,7284,This was kinda mid ngl,0.5,False,1,0.5,this was kinda mid ngl
285,7285,Neutral on this topic,0.5,False,1,0.5,neutral on this topic
286,7286,"Meh, it’s fine I guess",0.5,False,1,0.5,"meh, it’s fine i guess"
287,7287,This was kinda mid ngl,0.5,False,1,0.5,this was kinda mid ngl
288,7288,"Not bad, not great either",0.5,False,1,0.5,"not bad, not great either"
289,7289,"Painful edit, not it",0.5,False,1,0.5,"painful edit, not it"
290,7290,Worst thing on my FYP today,0.0,False,1,0.0,worst thing on my fyp today
291,7291,"Unwatchable, I had to scroll",0.5,True,0,0.15,"unwatchable, i had to scroll"
292,7292,"Felt dragged out, lost me halfway",0.5,False,1,0.5,"felt dragged out, lost me halfway"
293,7293,"Felt dragged out, lost me halfway",0.5,False,1,0.5,"felt dragged out, lost me halfway"
294,7294,"This was so clean, respect",0.5,False,1,0.5,"this was so clean, respect"
295,7295,"Solid attempt, could improve",0.5,False,1,0.5,"solid attempt, could improve"
296,7296,Production felt so cheap,0.5,False,1,0.5,production felt so cheap
297,7297,Bro thought he ate,0.5,False,1,0.5,bro thought he ate
298,7298,Pretty mid but not terrible,0.0,False,1,0.0,pretty mid but not terrible
299,7299,This was kinda mid ngl,0.5,False,1,0.5,this was kinda mid ngl
300,7300,"Not bad, not great either",0.5,False,1,0.5,"not bad, not great either"
301,7301,"Painful edit, not it",0.5,False,1,0.5,"painful edit, not it"
302,7302,Production felt so cheap,0.5,False,1,0.5,production felt so cheap
303,7303,"Highkey useful, tysm",0.5,False,1,0.5,"highkey useful, tysm"
304,7304,"It’s okay, seen better",0.5,False,1,0.5,"it’s okay, seen better"
305,7305,"Painful edit, not it",0.5,False,1,0.5,"painful edit, not it"
306,7306,"Solid attempt, could improve",0.5,False,1,0.5,"solid attempt, could improve"
307,7307,"This actually ate, no crumbs",0.5,False,1,0.5,"this actually ate, no crumbs"
308,7308,Some effort but not memorable,0.5,False,1,0.5,some effort but not memorable
309,7309,Main character energy right here,0.5,False,1,0.5,main character energy right here
310,7310,Neutral on this topic,0.5,False,1,0.5,neutral on this topic
311,7311,Production felt so cheap,0.5,False,1,0.5,production felt so cheap
312,7312,"Highkey useful, tysm",0.5,False,1,0.5,"highkey useful, tysm"
313,7313,"Loved every second, pure vibes",1.0,False,1,1.0,"loved every second, pure vibes"
314,7314,"Highkey useful, tysm",0.5,False,1,0.5,"highkey useful, tysm"
315,7315,"Painful edit, not it",0.5,False,1,0.5,"painful edit, not it"
316,7316,Couldn’t finish this one,0.5,False,1,0.5,couldn’t finish this one
317,7317,"Alright I guess, nothing new",0.5,False,1,0.5,"alright i guess, nothing new"
318,7318,"Highkey useful, tysm",0.5,False,1,0.5,"highkey useful, tysm"
319,7319,"Solid attempt, could improve",0.5,False,1,0.5,"solid attempt, could improve"
320,7320,Okay-ish but kinda bland,0.5,False,1,0.5,okay-ish but kinda bland
321,7321,"Unwatchable, I had to scroll",0.5,True,0,0.15,"unwatchable, i had to scroll"
322,7322,"This is next level, wow",0.5,False,1,0.5,"this is next level, wow"
323,7323,Some effort but not memorable,0.5,False,1,0.5,some effort but not memorable
324,7324,"This actually ate, no crumbs",0.5,False,1,0.5,"this actually ate, no crumbs"
325,7325,Couldn’t finish this one,0.5,False,1,0.5,couldn’t finish this one
326,7326,The editing was on point fr,0.5,False,1,0.5,the editing was on point fr
327,7327,"Felt dragged out, lost me halfway",0.5,False,1,0.5,"felt dragged out, lost me halfway"
328,7328,Pretty mid but not terrible,0.0,False,1,0.0,pretty mid but not terrible
329,7329,Some effort but not memorable,0.5,False,1,0.5,some effort but not memorable
330,7330,Main character energy right here,0.5,False,1,0.5,main character energy right here
331,7331,"This actually ate, no crumbs",0.5,False,1,0.5,"this actually ate, no crumbs"
332,7332,"This was so clean, respect",0.5,False,1,0.5,"this was so clean, respect"
333,7333,This was kinda mid ngl,0.5,False,1,0.5,this was kinda mid ngl
334,7334,"Meh, it’s fine I guess",0.5,False,1,0.5,"meh, it’s fine i guess"
335,7335,Some effort but not memorable,0.5,False,1,0.5,some effort but not memorable
336,7336,"Alright I guess, nothing new",0.5,False,1,0.5,"alright i guess, nothing new"
337,7337,Neutral on this topic,0.5,False,1,0.5,neutral on this topic
338,7338,Couldn’t finish this one,0.5,False,1,0.5,couldn’t finish this one
339,7339,Neutral on this topic,0.5,False,1,0.5,neutral on this topic
340,7340,Neutral on this topic,0.5,False,1,0.5,neutral on this topic
341,7341,"Solid attempt, could improve",0.5,False,1,0.5,"solid attempt, could improve"
342,7342,Okay-ish but kinda bland,0.5,False,1,0.5,okay-ish but kinda bland
343,7343,"Felt dragged out, lost me halfway",0.5,False,1,0.5,"felt dragged out, lost me halfway"
344,7344,Neutral on this topic,0.5,False,1,0.5,neutral on this topic
345,7345,The editing was on point fr,0.5,False,1,0.5,the editing was on point fr
346,7346,"It’s okay, seen better",0.5,False,1,0.5,"it’s okay, seen better"
347,7347,"Super basic, nothing new",0.5,False,1,0.5,"super basic, nothing new"
348,7348,Couldn’t finish this one,0.5,False,1,0.5,couldn’t finish this one
349,7349,Neutral on this topic,0.5,False,1,0.5,neutral on this topic
350,7350,"The audio was rough, couldn’t listen",0.5,False,1,0.5,"the audio was rough, couldn’t listen"
351,7351,"Meh, it’s fine I guess",0.5,False,1,0.5,"meh, it’s fine i guess"
352,7352,This was kinda mid ngl,0.5,False,1,0.5,this was kinda mid ngl
353,7353,"Solid attempt, could improve",0.5,False,1,0.5,"solid attempt, could improve"
354,7354,Bro thought he ate,0.5,False,1,0.5,bro thought he ate
355,7355,Some effort but not memorable,0.5,False,1,0.5,some effort but not memorable
356,7356,"The audio was rough, couldn’t listen",0.5,False,1,0.5,"the audio was rough, couldn’t listen"
357,7357,"Painful edit, not it",0.5,False,1,0.5,"painful edit, not it"
358,7358,Couldn’t finish this one,0.5,False,1,0.5,couldn’t finish this one
359,7359,"Real talent, keep posting",0.5,False,1,0.5,"real talent, keep posting"
360,7360,"This actually ate, no crumbs",0.5,False,1,0.5,"this actually ate, no crumbs"
361,7361,The editing was on point fr,0.5,False,1,0.5,the editing was on point fr
362,7362,Neutral on this topic,0.5,False,1,0.5,neutral on this topic
363,7363,"Real talent, keep posting",0.5,False,1,0.5,"real talent, keep posting"
364,7364,Production felt so cheap,0.5,False,1,0.5,production felt so cheap
365,7365,"Real talent, keep posting",0.5,False,1,0.5,"real talent, keep posting"
366,7366,"Not bad, not great either",0.5,False,1,0.5,"not bad, not great either"
367,7367,Pretty mid but not terrible,0.0,False,1,0.0,pretty mid but not terrible
368,7368,Bro thought he ate,0.5,False,1,0.5,bro thought he ate
369,7369,"This was so clean, respect",0.5,False,1,0.5,"this was so clean, respect"
370,7370,"The audio was rough, couldn’t listen",0.5,False,1,0.5,"the audio was rough, couldn’t listen"
371,7371,This was kinda mid ngl,0.5,False,1,0.5,this was kinda mid ngl
372,7372,"Average content, nothing special",0.5,False,1,0.5,"average content, nothing special"
373,7373,"Alright I guess, nothing new",0.5,False,1,0.5,"alright i guess, nothing new"
374,7374,"This is next level, wow",0.5,False,1,0.5,"this is next level, wow"
375,7375,Neutral on this topic,0.5,False,1,0.5,neutral on this topic
376,7376,"Meh, it’s fine I guess",0.5,False,1,0.5,"meh, it’s fine i guess"
377,7377,Main character energy right here,0.5,False,1,0.5,main character energy right here
378,7378,"This actually ate, no crumbs",0.5,False,1,0.5,"this actually ate, no crumbs"
379,7379,"This actually ate, no crumbs",0.5,False,1,0.5,"this actually ate, no crumbs"
380,7380,"This is next level, wow",0.5,False,1,0.5,"this is next level, wow"
381,7381,Some effort but not memorable,0.5,False,1,0.5,some effort but not memorable
382,7382,Production felt so cheap,0.5,False,1,0.5,production felt so cheap
383,7383,Neutral on this topic,0.5,False,1,0.5,neutral on this topic
384,7384,"This was so clean, respect",0.5,False,1,0.5,"this was so clean, respect"
385,7385,"Unwatchable, I had to scroll",0.5,True,0,0.15,"unwatchable, i had to scroll"
386,7386,Lowkey the best thing on my FYP today,1.0,False,1,1.0,lowkey the best thing on my fyp today
387,7387,"Super basic, nothing new",0.5,False,1,0.5,"super basic, nothing new"
388,7388,"Meh, it’s fine I guess",0.5,False,1,0.5,"meh, it’s fine i guess"
389,7389,This was kinda mid ngl,0.5,False,1,0.5,this was kinda mid ngl
390,7390,"Painful edit, not it",0.5,False,1,0.5,"painful edit, not it"
391,7391,Okay-ish but kinda bland,0.5,False,1,0.5,okay-ish but kinda bland
392,7392,"Painful edit, not it",0.5,False,1,0.5,"painful edit, not it"
393,7393,"This was so clean, respect",0.5,False,1,0.5,"this was so clean, respect"
394,7394,This was kinda mid ngl,0.5,False,1,0.5,this was kinda mid ngl
395,7395,Bro thought he ate,0.5,False,1,0.5,bro thought he ate
396,7396,"The audio was rough, couldn’t listen",0.5,False,1,0.5,"the audio was rough, couldn’t listen"
397,7397,Couldn’t finish this one,0.5,False,1,0.5,couldn’t finish this one
398,7398,"Unwatchable, I had to scroll",0.5,True,0,0.15,"unwatchable, i had to scroll"
399,7399,"Painful edit, not it",0.5,False,1,0.5,"painful edit, not it"
400,7400,"Meh, it’s fine I guess",0.5,False,1,0.5,"meh, it’s fine i guess"
401,7401,"Loved every second, pure vibes",1.0,False,1,1.0,"loved every second, pure vibes"
402,7402,"Not bad, not great either",0.5,False,1,0.5,"not bad, not great either"
403,7403,"Unwatchable, I had to scroll",0.5,True,0,0.15,"unwatchable, i had to scroll"
404,7404,"Not bad, not great either",0.5,False,1,0.5,"not bad, not great either"
405,7405,"The audio was rough, couldn’t listen",0.5,False,1,0.5,"the audio was rough, couldn’t listen"
406,7406,Lowkey the best thing on my FYP today,1.0,False,1,1.0,lowkey the best thing on my fyp today
407,7407,"This was so clean, respect",0.5,False,1,0.5,"this was so clean, respect"
408,7408,"This was so clean, respect",0.5,False,1,0.5,"this was so clean, respect"
409,7409,"This actually ate, no crumbs",0.5,False,1,0.5,"this actually ate, no crumbs"
410,7410,"Loved every second, pure vibes",1.0,False,1,1.0,"loved every second, pure vibes"
411,7411,"Average content, nothing special",0.5,False,1,0.5,"average content, nothing special"
412,7412,"Highkey useful, tysm",0.5,False,1,0.5,"highkey useful, tysm"
413,7413,"Painful edit, not it",0.5,False,1,0.5,"painful edit, not it"
414,7414,"Average content, nothing special",0.5,False,1,0.5,"average content, nothing special"
415,7415,"This is next level, wow",0.5,False,1,0.5,"this is next level, wow"
416,7416,Pretty mid but not terrible,0.0,False,1,0.0,pretty mid but not terrible
417,7417,"Not bad, not great either",0.5,False,1,0.5,"not bad, not great either"
418,7418,Pretty mid but not terrible,0.0,False,1,0.0,pretty mid but not terrible
419,7419,"Painful edit, not it",0.5,False,1,0.5,"painful edit, not it"
420,7420,"It’s okay, seen better",0.5,False,1,0.5,"it’s okay, seen better"
421,7421,"This was so clean, respect",0.5,False,1,0.5,"this was so clean, respect"
422,7422,"Meh, it’s fine I guess",0.5,False,1,0.5,"meh, it’s fine i guess"
423,7423,"Highkey useful, tysm",0.5,False,1,0.5,"highkey useful, tysm"
424,7424,"Solid attempt, could improve",0.5,False,1,0.5,"solid attempt, could improve"
425,7425,Lowkey the best thing on my FYP today,1.0,False,1,1.0,lowkey the best thing on my fyp today
426,7426,"The audio was rough, couldn’t listen",0.5,False,1,0.5,"the audio was rough, couldn’t listen"
427,7427,The editing was on point fr,0.5,False,1,0.5,the editing was on point fr
428,7428,The editing was on point fr,0.5,False,1,0.5,the editing was on point fr
429,7429,Bro thought he ate,0.5,False,1,0.5,bro thought he ate
430,7430,"Solid attempt, could improve",0.5,False,1,0.5,"solid attempt, could improve"
431,7431,"Painful edit, not it",0.5,False,1,0.5,"painful edit, not it"
432,7432,This was kinda mid ngl,0.5,False,1,0.5,this was kinda mid ngl
433,7433,Some effort but not memorable,0.5,False,1,0.5,some effort but not memorable
434,7434,Okay-ish but kinda bland,0.5,False,1,0.5,okay-ish but kinda bland
435,7435,"Unwatchable, I had to scroll",0.5,True,0,0.15,"unwatchable, i had to scroll"
436,7436,"Unwatchable, I had to scroll",0.5,True,0,0.15,"unwatchable, i had to scroll"
437,7437,The editing was on point fr,0.5,False,1,0.5,the editing was on point fr
438,7438,"Real talent, keep posting",0.5,False,1,0.5,"real talent, keep posting"
439,7439,Worst thing on my FYP today,0.0,False,1,0.0,worst thing on my fyp today
440,7440,"Not bad, not great either",0.5,False,1,0.5,"not bad, not great either"
441,7441,"It’s okay, seen better",0.5,False,1,0.5,"it’s okay, seen better"
442,7442,"Painful edit, not it",0.5,False,1,0.5,"painful edit, not it"
443,7443,"This was so clean, respect",0.5,False,1,0.5,"this was so clean, respect"
444,7444,"Clear explanation, easy to follow",0.5,False,1,0.5,"clear explanation, easy to follow"
445,7445,"It’s okay, seen better",0.5,False,1,0.5,"it’s okay, seen better"
446,7446,"Unwatchable, I had to scroll",0.5,True,0,0.15,"unwatchable, i had to scroll"
447,7447,This was kinda mid ngl,0.5,False,1,0.5,this was kinda mid ngl
448,7448,"Clear explanation, easy to follow",0.5,False,1,0.5,"clear explanation, easy to follow"
449,7449,"Highkey useful, tysm",0.5,False,1,0.5,"highkey useful, tysm"
450,7450,"Highkey useful, tysm",0.5,False,1,0.5,"highkey useful, tysm"
451,7451,Okay-ish but kinda bland,0.5,False,1,0.5,okay-ish but kinda bland
452,7452,"The audio was rough, couldn’t listen",0.5,False,1,0.5,"the audio was rough, couldn’t listen"
453,7453,"Felt dragged out, lost me halfway",0.5,False,1,0.5,"felt dragged out, lost me halfway"
454,7454,This was kinda mid ngl,0.5,False,1,0.5,this was kinda mid ngl
455,7455,Neutral on this topic,0.5,False,1,0.5,neutral on this topic
456,7456,Couldn’t finish this one,0.5,False,1,0.5,couldn’t finish this one
457,7457,"It’s okay, seen better",0.5,False,1,0.5,"it’s okay, seen better"
458,7458,Okay-ish but kinda bland,0.5,False,1,0.5,okay-ish but kinda bland
459,7459,Lowkey the best thing on my FYP today,1.0,False,1,1.0,lowkey the best thing on my fyp today
460,7460,"Highkey useful, tysm",0.5,False,1,0.5,"highkey useful, tysm"
461,7461,"The audio was rough, couldn’t listen",0.5,False,1,0.5,"the audio was rough, couldn’t listen"
462,7462,Worst thing on my FYP today,0.0,False,1,0.0,worst thing on my fyp today
463,7463,"Painful edit, not it",0.5,False,1,0.5,"painful edit, not it"
464,7464,Bro thought he ate,0.5,False,1,0.5,bro thought he ate
465,7465,Bro thought he ate,0.5,False,1,0.5,bro thought he ate
466,7466,Couldn’t finish this one,0.5,False,1,0.5,couldn’t finish this one
467,7467,"This actually ate, no crumbs",0.5,False,1,0.5,"this actually ate, no crumbs"
468,7468,"Clear explanation, easy to follow",0.5,False,1,0.5,"clear explanation, easy to follow"
469,7469,"Meh, it’s fine I guess",0.5,False,1,0.5,"meh, it’s fine i guess"
470,7470,Couldn’t finish this one,0.5,False,1,0.5,couldn’t finish this one
471,7471,Pretty mid but not terrible,0.0,False,1,0.0,pretty mid but not terrible
472,7472,"Painful edit, not it",0.5,False,1,0.5,"painful edit, not it"
473,7473,"Real talent, keep posting",0.5,False,1,0.5,"real talent, keep posting"
474,7474,"Loved every second, pure vibes",1.0,False,1,1.0,"loved every second, pure vibes"
475,7475,"Super basic, nothing new",0.5,False,1,0.5,"super basic, nothing new"
476,7476,"Meh, it’s fine I guess",0.5,False,1,0.5,"meh, it’s fine i guess"
477,7477,"Meh, it’s fine I guess",0.5,False,1,0.5,"meh, it’s fine i guess"
478,7478,"Alright I guess, nothing new",0.5,False,1,0.5,"alright i guess, nothing new"
479,7479,Bro thought he ate,0.5,False,1,0.5,bro thought he ate
480,7480,Bro thought he ate,0.5,False,1,0.5,bro thought he ate
481,7481,Some effort but not memorable,0.5,False,1,0.5,some effort but not memorable
482,7482,Worst thing on my FYP today,0.0,False,1,0.0,worst thing on my fyp today
483,7483,"Loved every second, pure vibes",1.0,False,1,1.0,"loved every second, pure vibes"
484,7484,"Solid attempt, could improve",0.5,False,1,0.5,"solid attempt, could improve"
485,7485,"Clear explanation, easy to follow",0.5,False,1,0.5,"clear explanation, easy to follow"
486,7486,"Highkey useful, tysm",0.5,False,1,0.5,"highkey useful, tysm"
487,7487,"This was so clean, respect",0.5,False,1,0.5,"this was so clean, respect"
488,7488,"It’s okay, seen better",0.5,False,1,0.5,"it’s okay, seen better"
489,7489,"Solid attempt, could improve",0.5,False,1,0.5,"solid attempt, could improve"
490,7490,"Not bad, not great either",0.5,False,1,0.5,"not bad, not great either"
491,7491,Worst thing on my FYP today,0.0,False,1,0.0,worst thing on my fyp today
492,7492,"This is next level, wow",0.5,False,1,0.5,"this is next level, wow"
493,7493,Pretty mid but not terrible,0.0,False,1,0.0,pretty mid but not terrible
494,7494,"Clear explanation, easy to follow",0.5,False,1,0.5,"clear explanation, easy to follow"
495,7495,"Average content, nothing special",0.5,False,1,0.5,"average content, nothing special"
496,7496,"Loved every second, pure vibes",1.0,False,1,1.0,"loved every second, pure vibes"
497,7497,Neutral on this topic,0.5,False,1,0.5,neutral on this topic
498,7498,This was kinda mid ngl,0.5,False,1,0.5,this was kinda mid ngl
499,7499,"Clear explanation, easy to follow",0.5,False,1,0.5,"clear explanation, easy to follow"
500,7500,"Highkey useful, tysm",0.5,False,1,0.5,"highkey useful, tysm"
501,7501,"This was so clean, respect",0.5,False,1,0.5,"this was so clean, respect"
502,7502,Neutral on this topic,0.5,False,1,0.5,neutral on this topic
503,7503,Worst thing on my FYP today,0.0,False,1,0.0,worst thing on my fyp today
504,7504,This was kinda mid ngl,0.5,False,1,0.5,this was kinda mid ngl
505,7505,Neutral on this topic,0.5,False,1,0.5,neutral on this topic
506,7506,"It’s okay, seen better",0.5,False,1,0.5,"it’s okay, seen better"
507,7507,Production felt so cheap,0.5,False,1,0.5,production felt so cheap
508,7508,"Meh, it’s fine I guess",0.5,False,1,0.5,"meh, it’s fine i guess"
509,7509,"Felt dragged out, lost me halfway",0.5,False,1,0.5,"felt dragged out, lost me halfway"
510,7510,Couldn’t finish this one,0.5,False,1,0.5,couldn’t finish this one
511,7511,"Solid attempt, could improve",0.5,False,1,0.5,"solid attempt, could improve"
512,7512,"The audio was rough, couldn’t listen",0.5,False,1,0.5,"the audio was rough, couldn’t listen"
513,7513,"Meh, it’s fine I guess",0.5,False,1,0.5,"meh, it’s fine i guess"
514,7514,Worst thing on my FYP today,0.0,False,1,0.0,worst thing on my fyp today
515,7515,"Felt dragged out, lost me halfway",0.5,False,1,0.5,"felt dragged out, lost me halfway"
516,7516,"Meh, it’s fine I guess",0.5,False,1,0.5,"meh, it’s fine i guess"
517,7517,"The audio was rough, couldn’t listen",0.5,False,1,0.5,"the audio was rough, couldn’t listen"
518,7518,"This actually ate, no crumbs",0.5,False,1,0.5,"this actually ate, no crumbs"
519,7519,Bro thought he ate,0.5,False,1,0.5,bro thought he ate
520,7520,Production felt so cheap,0.5,False,1,0.5,production felt so cheap
521,7521,Some effort but not memorable,0.5,False,1,0.5,some effort but not memorable
522,7522,"Unwatchable, I had to scroll",0.5,True,0,0.15,"unwatchable, i had to scroll"
523,7523,Couldn’t finish this one,0.5,False,1,0.5,couldn’t finish this one
524,7524,"Clear explanation, easy to follow",0.5,False,1,0.5,"clear explanation, easy to follow"
525,7525,"Painful edit, not it",0.5,False,1,0.5,"painful edit, not it"
526,7526,"Solid attempt, could improve",0.5,False,1,0.5,"solid attempt, could improve"
527,7527,Couldn’t finish this one,0.5,False,1,0.5,couldn’t finish this one
528,7528,Couldn’t finish this one,0.5,False,1,0.5,couldn’t finish this one
529,7529,"Felt dragged out, lost me halfway",0.5,False,1,0.5,"felt dragged out, lost me halfway"
530,7530,Main character energy right here,0.5,False,1,0.5,main character energy right here
531,7531,"Not bad, not great either",0.5,False,1,0.5,"not bad, not great either"
532,7532,"Meh, it’s fine I guess",0.5,False,1,0.5,"meh, it’s fine i guess"
533,7533,"It’s okay, seen better",0.5,False,1,0.5,"it’s okay, seen better"
534,7534,"Solid attempt, could improve",0.5,False,1,0.5,"solid attempt, could improve"
535,7535,"Highkey useful, tysm",0.5,False,1,0.5,"highkey useful, tysm"
536,7536,"Felt dragged out, lost me halfway",0.5,False,1,0.5,"felt dragged out, lost me halfway"
537,7537,Okay-ish but kinda bland,0.5,False,1,0.5,okay-ish but kinda bland
538,7538,"It’s okay, seen better",0.5,False,1,0.5,"it’s okay, seen better"
539,7539,Pretty mid but not terrible,0.0,False,1,0.0,pretty mid but not terrible
540,7540,"This is next level, wow",0.5,False,1,0.5,"this is next level, wow"
541,7541,Production felt so cheap,0.5,False,1,0.5,production felt so cheap
542,7542,"Solid attempt, could improve",0.5,False,1,0.5,"solid attempt, could improve"
543,7543,Some effort but not memorable,0.5,False,1,0.5,some effort but not memorable
544,7544,Neutral on this topic,0.5,False,1,0.5,neutral on this topic
545,7545,"Felt dragged out, lost me halfway",0.5,False,1,0.5,"felt dragged out, lost me halfway"
546,7546,Production felt so cheap,0.5,False,1,0.5,production felt so cheap
547,7547,Neutral on this topic,0.5,False,1,0.5,neutral on this topic
548,7548,Production felt so cheap,0.5,False,1,0.5,production felt so cheap
549,7549,Couldn’t finish this one,0.5,False,1,0.5,couldn’t finish this one
550,7550,"This is next level, wow",0.5,False,1,0.5,"this is next level, wow"
551,7551,Okay-ish but kinda bland,0.5,False,1,0.5,okay-ish but kinda bland
552,7552,"Unwatchable, I had to scroll",0.5,True,0,0.15,"unwatchable, i had to scroll"
553,7553,"Alright I guess, nothing new",0.5,False,1,0.5,"alright i guess, nothing new"
554,7554,Neutral on this topic,0.5,False,1,0.5,neutral on this topic
555,7555,"Solid attempt, could improve",0.5,False,1,0.5,"solid attempt, could improve"
556,7556,"Alright I guess, nothing new",0.5,False,1,0.5,"alright i guess, nothing new"
557,7557,The editing was on point fr,0.5,False,1,0.5,the editing was on point fr
558,7558,Production felt so cheap,0.5,False,1,0.5,production felt so cheap
559,7559,"The audio was rough, couldn’t listen",0.5,False,1,0.5,"the audio was rough, couldn’t listen"
560,7560,"Alright I guess, nothing new",0.5,False,1,0.5,"alright i guess, nothing new"
561,7561,"This was so clean, respect",0.5,False,1,0.5,"this was so clean, respect"
562,7562,"Highkey useful, tysm",0.5,False,1,0.5,"highkey useful, tysm"
563,7563,"Alright I guess, nothing new",0.5,False,1,0.5,"alright i guess, nothing new"
564,7564,Main character energy right here,0.5,False,1,0.5,main character energy right here
565,7565,Bro thought he ate,0.5,False,1,0.5,bro thought he ate
566,7566,Worst thing on my FYP today,0.0,False,1,0.0,worst thing on my fyp today
567,7567,"Super basic, nothing new",0.5,False,1,0.5,"super basic, nothing new"
568,7568,"Real talent, keep posting",0.5,False,1,0.5,"real talent, keep posting"
569,7569,"The audio was rough, couldn’t listen",0.5,False,1,0.5,"the audio was rough, couldn’t listen"
570,7570,"Solid attempt, could improve",0.5,False,1,0.5,"solid attempt, could improve"
571,7571,Main character energy right here,0.5,False,1,0.5,main character energy right here
572,7572,This was kinda mid ngl,0.5,False,1,0.5,this was kinda mid ngl
573,7573,"Clear explanation, easy to follow",0.5,False,1,0.5,"clear explanation, easy to follow"
574,7574,"Felt dragged out, lost me halfway",0.5,False,1,0.5,"felt dragged out, lost me halfway"
575,7575,Pretty mid but not terrible,0.0,False,1,0.0,pretty mid but not terrible
576,7576,"The audio was rough, couldn’t listen",0.5,False,1,0.5,"the audio was rough, couldn’t listen"
577,7577,"This was so clean, respect",0.5,False,1,0.5,"this was so clean, respect"
578,7578,"Loved every second, pure vibes",1.0,False,1,1.0,"loved every second, pure vibes"
579,7579,"Felt dragged out, lost me halfway",0.5,False,1,0.5,"felt dragged out, lost me halfway"
580,7580,"This actually ate, no crumbs",0.5,False,1,0.5,"this actually ate, no crumbs"
581,7581,Pretty mid but not terrible,0.0,False,1,0.0,pretty mid but not terrible
582,7582,"Real talent, keep posting",0.5,False,1,0.5,"real talent, keep posting"
583,7583,"Meh, it’s fine I guess",0.5,False,1,0.5,"meh, it’s fine i guess"
584,7584,Okay-ish but kinda bland,0.5,False,1,0.5,okay-ish but kinda bland
585,7585,"Highkey useful, tysm",0.5,False,1,0.5,"highkey useful, tysm"
586,7586,"Painful edit, not it",0.5,False,1,0.5,"painful edit, not it"
587,7587,"It’s okay, seen better",0.5,False,1,0.5,"it’s okay, seen better"
588,7588,"This was so clean, respect",0.5,False,1,0.5,"this was so clean, respect"
589,7589,"Not bad, not great either",0.5,False,1,0.5,"not bad, not great either"
590,7590,Some effort but not memorable,0.5,False,1,0.5,some effort but not memorable
591,7591,"This actually ate, no crumbs",0.5,False,1,0.5,"this actually ate, no crumbs"
592,7592,"Alright I guess, nothing new",0.5,False,1,0.5,"alright i guess, nothing new"
593,7593,This was kinda mid ngl,0.5,False,1,0.5,this was kinda mid ngl
594,7594,"This actually ate, no crumbs",0.5,False,1,0.5,"this actually ate, no crumbs"
595,7595,"Super basic, nothing new",0.5,False,1,0.5,"super basic, nothing new"
596,7596,Some effort but not memorable,0.5,False,1,0.5,some effort but not memorable
597,7597,"Super basic, nothing new",0.5,False,1,0.5,"super basic, nothing new"
598,7598,"Felt dragged out, lost me halfway",0.5,False,1,0.5,"felt dragged out, lost me halfway"
599,7599,"The audio was rough, couldn’t listen",0.5,False,1,0.5,"the audio was rough, couldn’t listen"
600,7600,"Highkey useful, tysm",0.5,False,1,0.5,"highkey useful, tysm"
601,7601,"Highkey useful, tysm",0.5,False,1,0.5,"highkey useful, tysm"
602,7602,Okay-ish but kinda bland,0.5,False,1,0.5,okay-ish but kinda bland
603,7603,"Loved every second, pure vibes",1.0,False,1,1.0,"loved every second, pure vibes"
604,7604,"This is next level, wow",0.5,False,1,0.5,"this is next level, wow"
605,7605,"Highkey useful, tysm",0.5,False,1,0.5,"highkey useful, tysm"
606,7606,"Highkey useful, tysm",0.5,False,1,0.5,"highkey useful, tysm"
607,7607,"Highkey useful, tysm",0.5,False,1,0.5,"highkey useful, tysm"
608,7608,"This is next level, wow",0.5,False,1,0.5,"this is next level, wow"
609,7609,The editing was on point fr,0.5,False,1,0.5,the editing was on point fr
610,7610,Okay-ish but kinda bland,0.5,False,1,0.5,okay-ish but kinda bland
611,7611,Production felt so cheap,0.5,False,1,0.5,production felt so cheap
612,7612,Bro thought he ate,0.5,False,1,0.5,bro thought he ate
613,7613,"Real talent, keep posting",0.5,False,1,0.5,"real talent, keep posting"
614,7614,Lowkey the best thing on my FYP today,1.0,False,1,1.0,lowkey the best thing on my fyp today
615,7615,"Average content, nothing special",0.5,False,1,0.5,"average content, nothing special"
616,7616,Okay-ish but kinda bland,0.5,False,1,0.5,okay-ish but kinda bland
617,7617,Couldn’t finish this one,0.5,False,1,0.5,couldn’t finish this one
618,7618,"This is next level, wow",0.5,False,1,0.5,"this is next level, wow"
619,7619,Production felt so cheap,0.5,False,1,0.5,production felt so cheap
620,7620,Some effort but not memorable,0.5,False,1,0.5,some effort but not memorable
621,7621,Production felt so cheap,0.5,False,1,0.5,production felt so cheap
622,7622,"Alright I guess, nothing new",0.5,False,1,0.5,"alright i guess, nothing new"
623,7623,"Alright I guess, nothing new",0.5,False,1,0.5,"alright i guess, nothing new"
624,7624,Some effort but not memorable,0.5,False,1,0.5,some effort but not memorable
625,7625,"This was so clean, respect",0.5,False,1,0.5,"this was so clean, respect"
626,7626,"This was so clean, respect",0.5,False,1,0.5,"this was so clean, respect"
627,7627,"This actually ate, no crumbs",0.5,False,1,0.5,"this actually ate, no crumbs"
628,7628,"Solid attempt, could improve",0.5,False,1,0.5,"solid attempt, could improve"
629,7629,"Super basic, nothing new",0.5,False,1,0.5,"super basic, nothing new"
630,7630,Worst thing on my FYP today,0.0,False,1,0.0,worst thing on my fyp today
631,7631,"Loved every second, pure vibes",1.0,False,1,1.0,"loved every second, pure vibes"
632,7632,Okay-ish but kinda bland,0.5,False,1,0.5,okay-ish but kinda bland
633,7633,"Meh, it’s fine I guess",0.5,False,1,0.5,"meh, it’s fine i guess"
634,7634,Pretty mid but not terrible,0.0,False,1,0.0,pretty mid but not terrible
635,7635,"Average content, nothing special",0.5,False,1,0.5,"average content, nothing special"
636,7636,"Felt dragged out, lost me halfway",0.5,False,1,0.5,"felt dragged out, lost me halfway"
637,7637,"Alright I guess, nothing new",0.5,False,1,0.5,"alright i guess, nothing new"
638,7638,"Alright I guess, nothing new",0.5,False,1,0.5,"alright i guess, nothing new"
639,7639,"Real talent, keep posting",0.5,False,1,0.5,"real talent, keep posting"
640,7640,This was kinda mid ngl,0.5,False,1,0.5,this was kinda mid ngl
641,7641,"Super basic, nothing new",0.5,False,1,0.5,"super basic, nothing new"
642,7642,"Alright I guess, nothing new",0.5,False,1,0.5,"alright i guess, nothing new"
643,7643,"Clear explanation, easy to follow",0.5,False,1,0.5,"clear explanation, easy to follow"
644,7644,Some effort but not memorable,0.5,False,1,0.5,some effort but not memorable
645,7645,"Painful edit, not it",0.5,False,1,0.5,"painful edit, not it"
646,7646,"This actually ate, no crumbs",0.5,False,1,0.5,"this actually ate, no crumbs"
647,7647,"Meh, it’s fine I guess",0.5,False,1,0.5,"meh, it’s fine i guess"
648,7648,"Unwatchable, I had to scroll",0.5,True,0,0.15,"unwatchable, i had to scroll"
649,7649,The editing was on point fr,0.5,False,1,0.5,the editing was on point fr
650,7650,Couldn’t finish this one,0.5,False,1,0.5,couldn’t finish this one
651,7651,Neutral on this topic,0.5,False,1,0.5,neutral on this topic
652,7652,"The audio was rough, couldn’t listen",0.5,False,1,0.5,"the audio was rough, couldn’t listen"
653,7653,Some effort but not memorable,0.5,False,1,0.5,some effort but not memorable
654,7654,"Not bad, not great either",0.5,False,1,0.5,"not bad, not great either"
655,7655,"It’s okay, seen better",0.5,False,1,0.5,"it’s okay, seen better"
656,7656,"Average content, nothing special",0.5,False,1,0.5,"average content, nothing special"
657,7657,Production felt so cheap,0.5,False,1,0.5,production felt so cheap
658,7658,"Loved every second, pure vibes",1.0,False,1,1.0,"loved every second, pure vibes"
659,7659,"Meh, it’s fine I guess",0.5,False,1,0.5,"meh, it’s fine i guess"
660,7660,"Alright I guess, nothing new",0.5,False,1,0.5,"alright i guess, nothing new"
661,7661,Neutral on this topic,0.5,False,1,0.5,neutral on this topic
662,7662,Production felt so cheap,0.5,False,1,0.5,production felt so cheap
663,7663,"Loved every second, pure vibes",1.0,False,1,1.0,"loved every second, pure vibes"
664,7664,"Not bad, not great either",0.5,False,1,0.5,"not bad, not great either"
665,7665,"This is next level, wow",0.5,False,1,0.5,"this is next level, wow"
666,7666,Bro thought he ate,0.5,False,1,0.5,bro thought he ate
667,7667,"This actually ate, no crumbs",0.5,False,1,0.5,"this actually ate, no crumbs"
668,7668,"This is next level, wow",0.5,False,1,0.5,"this is next level, wow"
669,7669,"Average content, nothing special",0.5,False,1,0.5,"average content, nothing special"
670,7670,"Solid attempt, could improve",0.5,False,1,0.5,"solid attempt, could improve"
671,7671,"Not bad, not great either",0.5,False,1,0.5,"not bad, not great either"
672,7672,"Super basic, nothing new",0.5,False,1,0.5,"super basic, nothing new"
673,7673,The editing was on point fr,0.5,False,1,0.5,the editing was on point fr
674,7674,"This is next level, wow",0.5,False,1,0.5,"this is next level, wow"
675,7675,"Loved every second, pure vibes",1.0,False,1,1.0,"loved every second, pure vibes"
676,7676,"Painful edit, not it",0.5,False,1,0.5,"painful edit, not it"
677,7677,"Alright I guess, nothing new",0.5,False,1,0.5,"alright i guess, nothing new"
678,7678,"Not bad, not great either",0.5,False,1,0.5,"not bad, not great either"
679,7679,"Felt dragged out, lost me halfway",0.5,False,1,0.5,"felt dragged out, lost me halfway"
680,7680,Some effort but not memorable,0.5,False,1,0.5,some effort but not memorable
681,7681,Lowkey the best thing on my FYP today,1.0,False,1,1.0,lowkey the best thing on my fyp today
682,7682,"This actually ate, no crumbs",0.5,False,1,0.5,"this actually ate, no crumbs"
683,7683,Pretty mid but not terrible,0.0,False,1,0.0,pretty mid but not terrible
684,7684,"Highkey useful, tysm",0.5,False,1,0.5,"highkey useful, tysm"
685,7685,Okay-ish but kinda bland,0.5,False,1,0.5,okay-ish but kinda bland
686,7686,Okay-ish but kinda bland,0.5,False,1,0.5,okay-ish but kinda bland
687,7687,This was kinda mid ngl,0.5,False,1,0.5,this was kinda mid ngl
688,7688,"Felt dragged out, lost me halfway",0.5,False,1,0.5,"felt dragged out, lost me halfway"
689,7689,"Average content, nothing special",0.5,False,1,0.5,"average content, nothing special"
690,7690,"This is next level, wow",0.5,False,1,0.5,"this is next level, wow"
691,7691,Bro thought he ate,0.5,False,1,0.5,bro thought he ate
692,7692,"Highkey useful, tysm",0.5,False,1,0.5,"highkey useful, tysm"
693,7693,Some effort but not memorable,0.5,False,1,0.5,some effort but not memorable
694,7694,"Alright I guess, nothing new",0.5,False,1,0.5,"alright i guess, nothing new"
695,7695,"Loved every second, pure vibes",1.0,False,1,1.0,"loved every second, pure vibes"
696,7696,"Solid attempt, could improve",0.5,False,1,0.5,"solid attempt, could improve"
697,7697,Neutral on this topic,0.5,False,1,0.5,neutral on this topic
698,7698,"Loved every second, pure vibes",1.0,False,1,1.0,"loved every second, pure vibes"
699,7699,Worst thing on my FYP today,0.0,False,1,0.0,worst thing on my fyp today
700,7700,Okay-ish but kinda bland,0.5,False,1,0.5,okay-ish but kinda bland
701,7701,"It’s okay, seen better",0.5,False,1,0.5,"it’s okay, seen better"
702,7702,Neutral on this topic,0.5,False,1,0.5,neutral on this topic
703,7703,"It’s okay, seen better",0.5,False,1,0.5,"it’s okay, seen better"
704,7704,"This actually ate, no crumbs",0.5,False,1,0.5,"this actually ate, no crumbs"
705,7705,"Felt dragged out, lost me halfway",0.5,False,1,0.5,"felt dragged out, lost me halfway"
706,7706,Pretty mid but not terrible,0.0,False,1,0.0,pretty mid but not terrible
707,7707,"This actually ate, no crumbs",0.5,False,1,0.5,"this actually ate, no crumbs"
708,7708,"Alright I guess, nothing new",0.5,False,1,0.5,"alright i guess, nothing new"
709,7709,"The audio was rough, couldn’t listen",0.5,False,1,0.5,"the audio was rough, couldn’t listen"
710,7710,"This actually ate, no crumbs",0.5,False,1,0.5,"this actually ate, no crumbs"
711,7711,"Real talent, keep posting",0.5,False,1,0.5,"real talent, keep posting"
712,7712,"It’s okay, seen better",0.5,False,1,0.5,"it’s okay, seen better"
713,7713,Couldn’t finish this one,0.5,False,1,0.5,couldn’t finish this one
714,7714,"Not bad, not great either",0.5,False,1,0.5,"not bad, not great either"
715,7715,"Average content, nothing special",0.5,False,1,0.5,"average content, nothing special"
716,7716,"Highkey useful, tysm",0.5,False,1,0.5,"highkey useful, tysm"
717,7717,"Average content, nothing special",0.5,False,1,0.5,"average content, nothing special"
718,7718,"Alright I guess, nothing new",0.5,False,1,0.5,"alright i guess, nothing new"
719,7719,"Super basic, nothing new",0.5,False,1,0.5,"super basic, nothing new"
720,7720,"Not bad, not great either",0.5,False,1,0.5,"not bad, not great either"
721,7721,"This actually ate, no crumbs",0.5,False,1,0.5,"this actually ate, no crumbs"
722,7722,"The audio was rough, couldn’t listen",0.5,False,1,0.5,"the audio was rough, couldn’t listen"
723,7723,"Felt dragged out, lost me halfway",0.5,False,1,0.5,"felt dragged out, lost me halfway"
724,7724,Production felt so cheap,0.5,False,1,0.5,production felt so cheap
725,7725,"Clear explanation, easy to follow",0.5,False,1,0.5,"clear explanation, easy to follow"
726,7726,This was kinda mid ngl,0.5,False,1,0.5,this was kinda mid ngl
727,7727,"Meh, it’s fine I guess",0.5,False,1,0.5,"meh, it’s fine i guess"
728,7728,Some effort but not memorable,0.5,False,1,0.5,some effort but not memorable
729,7729,Worst thing on my FYP today,0.0,False,1,0.0,worst thing on my fyp today
730,7730,"This is next level, wow",0.5,False,1,0.5,"this is next level, wow"
731,7731,Some effort but not memorable,0.5,False,1,0.5,some effort but not memorable
732,7732,Pretty mid but not terrible,0.0,False,1,0.0,pretty mid but not terrible
733,7733,Lowkey the best thing on my FYP today,1.0,False,1,1.0,lowkey the best thing on my fyp today
734,7734,"Clear explanation, easy to follow",0.5,False,1,0.5,"clear explanation, easy to follow"
735,7735,"Loved every second, pure vibes",1.0,False,1,1.0,"loved every second, pure vibes"
736,7736,"Real talent, keep posting",0.5,False,1,0.5,"real talent, keep posting"
737,7737,Okay-ish but kinda bland,0.5,False,1,0.5,okay-ish but kinda bland
738,7738,Okay-ish but kinda bland,0.5,False,1,0.5,okay-ish but kinda bland
739,7739,Production felt so cheap,0.5,False,1,0.5,production felt so cheap
740,7740,This was kinda mid ngl,0.5,False,1,0.5,this was kinda mid ngl
741,7741,Bro thought he ate,0.5,False,1,0.5,bro thought he ate
742,7742,"It’s okay, seen better",0.5,False,1,0.5,"it’s okay, seen better"
743,7743,"This was so clean, respect",0.5,False,1,0.5,"this was so clean, respect"
744,7744,"Meh, it’s fine I guess",0.5,False,1,0.5,"meh, it’s fine i guess"
745,7745,"Solid attempt, could improve",0.5,False,1,0.5,"solid attempt, could improve"
746,7746,Production felt so cheap,0.5,False,1,0.5,production felt so cheap
747,7747,"Highkey useful, tysm",0.5,False,1,0.5,"highkey useful, tysm"
748,7748,This was kinda mid ngl,0.5,False,1,0.5,this was kinda mid ngl
749,7749,Main character energy right here,0.5,False,1,0.5,main character energy right here
750,7750,Lowkey the best thing on my FYP today,1.0,False,1,1.0,lowkey the best thing on my fyp today
751,7751,The editing was on point fr,0.5,False,1,0.5,the editing was on point fr
752,7752,The editing was on point fr,0.5,False,1,0.5,the editing was on point fr
753,7753,Main character energy right here,0.5,False,1,0.5,main character energy right here
754,7754,"Clear explanation, easy to follow",0.5,False,1,0.5,"clear explanation, easy to follow"
755,7755,The editing was on point fr,0.5,False,1,0.5,the editing was on point fr
756,7756,Some effort but not memorable,0.5,False,1,0.5,some effort but not memorable
757,7757,"Felt dragged out, lost me halfway",0.5,False,1,0.5,"felt dragged out, lost me halfway"
758,7758,"Clear explanation, easy to follow",0.5,False,1,0.5,"clear explanation, easy to follow"
759,7759,"Unwatchable, I had to scroll",0.5,True,0,0.15,"unwatchable, i had to scroll"
760,7760,"This actually ate, no crumbs",0.5,False,1,0.5,"this actually ate, no crumbs"
761,7761,"Highkey useful, tysm",0.5,False,1,0.5,"highkey useful, tysm"
762,7762,Production felt so cheap,0.5,False,1,0.5,production felt so cheap
763,7763,Neutral on this topic,0.5,False,1,0.5,neutral on this topic
764,7764,Pretty mid but not terrible,0.0,False,1,0.0,pretty mid but not terrible
765,7765,"Felt dragged out, lost me halfway",0.5,False,1,0.5,"felt dragged out, lost me halfway"
766,7766,"Felt dragged out, lost me halfway",0.5,False,1,0.5,"felt dragged out, lost me halfway"
767,7767,Bro thought he ate,0.5,False,1,0.5,bro thought he ate
768,7768,"This actually ate, no crumbs",0.5,False,1,0.5,"this actually ate, no crumbs"
769,7769,Neutral on this topic,0.5,False,1,0.5,neutral on this topic
770,7770,"Not bad, not great either",0.5,False,1,0.5,"not bad, not great either"
771,7771,Neutral on this topic,0.5,False,1,0.5,neutral on this topic
772,7772,"Alright I guess, nothing new",0.5,False,1,0.5,"alright i guess, nothing new"
773,7773,"Highkey useful, tysm",0.5,False,1,0.5,"highkey useful, tysm"
774,7774,"Unwatchable, I had to scroll",0.5,True,0,0.15,"unwatchable, i had to scroll"
775,7775,Okay-ish but kinda bland,0.5,False,1,0.5,okay-ish but kinda bland
776,7776,"Meh, it’s fine I guess",0.5,False,1,0.5,"meh, it’s fine i guess"
777,7777,Worst thing on my FYP today,0.0,False,1,0.0,worst thing on my fyp today
778,7778,Pretty mid but not terrible,0.0,False,1,0.0,pretty mid but not terrible
779,7779,Neutral on this topic,0.5,False,1,0.5,neutral on this topic
780,7780,"Alright I guess, nothing new",0.5,False,1,0.5,"alright i guess, nothing new"
781,7781,"Average content, nothing special",0.5,False,1,0.5,"average content, nothing special"
782,7782,"This was so clean, respect",0.5,False,1,0.5,"this was so clean, respect"
783,7783,Neutral on this topic,0.5,False,1,0.5,neutral on this topic
784,7784,Neutral on this topic,0.5,False,1,0.5,neutral on this topic
785,7785,Okay-ish but kinda bland,0.5,False,1,0.5,okay-ish but kinda bland
786,7786,"This was so clean, respect",0.5,False,1,0.5,"this was so clean, respect"
787,7787,Production felt so cheap,0.5,False,1,0.5,production felt so cheap
788,7788,"Super basic, nothing new",0.5,False,1,0.5,"super basic, nothing new"
789,7789,Okay-ish but kinda bland,0.5,False,1,0.5,okay-ish but kinda bland
790,7790,"Unwatchable, I had to scroll",0.5,True,0,0.15,"unwatchable, i had to scroll"
791,7791,"Alright I guess, nothing new",0.5,False,1,0.5,"alright i guess, nothing new"
792,7792,"This was so clean, respect",0.5,False,1,0.5,"this was so clean, respect"
793,7793,Neutral on this topic,0.5,False,1,0.5,neutral on this topic
794,7794,"Felt dragged out, lost me halfway",0.5,False,1,0.5,"felt dragged out, lost me halfway"
795,7795,"Felt dragged out, lost me halfway",0.5,False,1,0.5,"felt dragged out, lost me halfway"
796,7796,Worst thing on my FYP today,0.0,False,1,0.0,worst thing on my fyp today
797,7797,"Super basic, nothing new",0.5,False,1,0.5,"super basic, nothing new"
798,7798,"Solid attempt, could improve",0.5,False,1,0.5,"solid attempt, could improve"
799,7799,Okay-ish but kinda bland,0.5,False,1,0.5,okay-ish but kinda bland
800,7800,Pretty mid but not terrible,0.0,False,1,0.0,pretty mid but not terrible
801,7801,Pretty mid but not terrible,0.0,False,1,0.0,pretty mid but not terrible
802,7802,"Painful edit, not it",0.5,False,1,0.5,"painful edit, not it"
803,7803,"Average content, nothing special",0.5,False,1,0.5,"average content, nothing special"
804,7804,Worst thing on my FYP today,0.0,False,1,0.0,worst thing on my fyp today
805,7805,"Highkey useful, tysm",0.5,False,1,0.5,"highkey useful, tysm"
806,7806,Neutral on this topic,0.5,False,1,0.5,neutral on this topic
807,7807,Couldn’t finish this one,0.5,False,1,0.5,couldn’t finish this one
808,7808,Couldn’t finish this one,0.5,False,1,0.5,couldn’t finish this one
809,7809,Bro thought he ate,0.5,False,1,0.5,bro thought he ate
810,7810,Pretty mid but not terrible,0.0,False,1,0.0,pretty mid but not terrible
811,7811,Neutral on this topic,0.5,False,1,0.5,neutral on this topic
812,7812,Neutral on this topic,0.5,False,1,0.5,neutral on this topic
813,7813,Couldn’t finish this one,0.5,False,1,0.5,couldn’t finish this one
814,7814,"Highkey useful, tysm",0.5,False,1,0.5,"highkey useful, tysm"
815,7815,"Average content, nothing special",0.5,False,1,0.5,"average content, nothing special"
816,7816,"The audio was rough, couldn’t listen",0.5,False,1,0.5,"the audio was rough, couldn’t listen"
817,7817,"Highkey useful, tysm",0.5,False,1,0.5,"highkey useful, tysm"
818,7818,"Solid attempt, could improve",0.5,False,1,0.5,"solid attempt, could improve"
819,7819,"Clear explanation, easy to follow",0.5,False,1,0.5,"clear explanation, easy to follow"
820,7820,"This actually ate, no crumbs",0.5,False,1,0.5,"this actually ate, no crumbs"
821,7821,"Solid attempt, could improve",0.5,False,1,0.5,"solid attempt, could improve"
822,7822,"Highkey useful, tysm",0.5,False,1,0.5,"highkey useful, tysm"
823,7823,"Super basic, nothing new",0.5,False,1,0.5,"super basic, nothing new"
824,7824,"This is next level, wow",0.5,False,1,0.5,"this is next level, wow"
825,7825,"Real talent, keep posting",0.5,False,1,0.5,"real talent, keep posting"
826,7826,"Super basic, nothing new",0.5,False,1,0.5,"super basic, nothing new"
827,7827,"Average content, nothing special",0.5,False,1,0.5,"average content, nothing special"
828,7828,"Average content, nothing special",0.5,False,1,0.5,"average content, nothing special"
829,7829,Some effort but not memorable,0.5,False,1,0.5,some effort but not memorable
830,7830,"This actually ate, no crumbs",0.5,False,1,0.5,"this actually ate, no crumbs"
831,7831,Couldn’t finish this one,0.5,False,1,0.5,couldn’t finish this one
832,7832,"It’s okay, seen better",0.5,False,1,0.5,"it’s okay, seen better"
833,7833,"This actually ate, no crumbs",0.5,False,1,0.5,"this actually ate, no crumbs"
834,7834,Neutral on this topic,0.5,False,1,0.5,neutral on this topic
835,7835,The editing was on point fr,0.5,False,1,0.5,the editing was on point fr
836,7836,"This actually ate, no crumbs",0.5,False,1,0.5,"this actually ate, no crumbs"
837,7837,"Highkey useful, tysm",0.5,False,1,0.5,"highkey useful, tysm"
838,7838,"Solid attempt, could improve",0.5,False,1,0.5,"solid attempt, could improve"
839,7839,Production felt so cheap,0.5,False,1,0.5,production felt so cheap
840,7840,"This is next level, wow",0.5,False,1,0.5,"this is next level, wow"
841,7841,"Average content, nothing special",0.5,False,1,0.5,"average content, nothing special"
842,7842,Couldn’t finish this one,0.5,False,1,0.5,couldn’t finish this one
843,7843,"Loved every second, pure vibes",1.0,False,1,1.0,"loved every second, pure vibes"
844,7844,Pretty mid but not terrible,0.0,False,1,0.0,pretty mid but not terrible
845,7845,Lowkey the best thing on my FYP today,1.0,False,1,1.0,lowkey the best thing on my fyp today
846,7846,"This was so clean, respect",0.5,False,1,0.5,"this was so clean, respect"
847,7847,"This actually ate, no crumbs",0.5,False,1,0.5,"this actually ate, no crumbs"
848,7848,"Clear explanation, easy to follow",0.5,False,1,0.5,"clear explanation, easy to follow"
849,7849,"Highkey useful, tysm",0.5,False,1,0.5,"highkey useful, tysm"
850,7850,"Not bad, not great either",0.5,False,1,0.5,"not bad, not great either"
851,7851,Couldn’t finish this one,0.5,False,1,0.5,couldn’t finish this one
852,7852,"This was so clean, respect",0.5,False,1,0.5,"this was so clean, respect"
853,7853,"Highkey useful, tysm",0.5,False,1,0.5,"highkey useful, tysm"
854,7854,"Clear explanation, easy to follow",0.5,False,1,0.5,"clear explanation, easy to follow"
855,7855,The editing was on point fr,0.5,False,1,0.5,the editing was on point fr
856,7856,Neutral on this topic,0.5,False,1,0.5,neutral on this topic
857,7857,Neutral on this topic,0.5,False,1,0.5,neutral on this topic
858,7858,"Clear explanation, easy to follow",0.5,False,1,0.5,"clear explanation, easy to follow"
859,7859,Production felt so cheap,0.5,False,1,0.5,production felt so cheap
860,7860,"Felt dragged out, lost me halfway",0.5,False,1,0.5,"felt dragged out, lost me halfway"
861,7861,Production felt so cheap,0.5,False,1,0.5,production felt so cheap
862,7862,"Real talent, keep posting",0.5,False,1,0.5,"real talent, keep posting"
863,7863,Some effort but not memorable,0.5,False,1,0.5,some effort but not memorable
864,7864,Bro thought he ate,0.5,False,1,0.5,bro thought he ate
865,7865,"Super basic, nothing new",0.5,False,1,0.5,"super basic, nothing new"
866,7866,"Super basic, nothing new",0.5,False,1,0.5,"super basic, nothing new"
867,7867,Main character energy right here,0.5,False,1,0.5,main character energy right here
868,7868,Production felt so cheap,0.5,False,1,0.5,production felt so cheap
869,7869,"Real talent, keep posting",0.5,False,1,0.5,"real talent, keep posting"
870,7870,"Painful edit, not it",0.5,False,1,0.5,"painful edit, not it"
871,7871,Pretty mid but not terrible,0.0,False,1,0.0,pretty mid but not terrible
872,7872,"Real talent, keep posting",0.5,False,1,0.5,"real talent, keep posting"
873,7873,"Highkey useful, tysm",0.5,False,1,0.5,"highkey useful, tysm"
874,7874,"Real talent, keep posting",0.5,False,1,0.5,"real talent, keep posting"
875,7875,Lowkey the best thing on my FYP today,1.0,False,1,1.0,lowkey the best thing on my fyp today
876,7876,"Highkey useful, tysm",0.5,False,1,0.5,"highkey useful, tysm"
877,7877,"Loved every second, pure vibes",1.0,False,1,1.0,"loved every second, pure vibes"
878,7878,Couldn’t finish this one,0.5,False,1,0.5,couldn’t finish this one
879,7879,Okay-ish but kinda bland,0.5,False,1,0.5,okay-ish but kinda bland
880,7880,Couldn’t finish this one,0.5,False,1,0.5,couldn’t finish this one
881,7881,This was kinda mid ngl,0.5,False,1,0.5,this was kinda mid ngl
882,7882,Bro thought he ate,0.5,False,1,0.5,bro thought he ate
883,7883,"Super basic, nothing new",0.5,False,1,0.5,"super basic, nothing new"
884,7884,Some effort but not memorable,0.5,False,1,0.5,some effort but not memorable
885,7885,Worst thing on my FYP today,0.0,False,1,0.0,worst thing on my fyp today
886,7886,"Solid attempt, could improve",0.5,False,1,0.5,"solid attempt, could improve"
887,7887,"This is next level, wow",0.5,False,1,0.5,"this is next level, wow"
888,7888,"It’s okay, seen better",0.5,False,1,0.5,"it’s okay, seen better"
889,7889,"Highkey useful, tysm",0.5,False,1,0.5,"highkey useful, tysm"
890,7890,Main character energy right here,0.5,False,1,0.5,main character energy right here
891,7891,"The audio was rough, couldn’t listen",0.5,False,1,0.5,"the audio was rough, couldn’t listen"
892,7892,"Felt dragged out, lost me halfway",0.5,False,1,0.5,"felt dragged out, lost me halfway"
893,7893,The editing was on point fr,0.5,False,1,0.5,the editing was on point fr
894,7894,"Super basic, nothing new",0.5,False,1,0.5,"super basic, nothing new"
895,7895,Lowkey the best thing on my FYP today,1.0,False,1,1.0,lowkey the best thing on my fyp today
896,7896,This was kinda mid ngl,0.5,False,1,0.5,this was kinda mid ngl
897,7897,Neutral on this topic,0.5,False,1,0.5,neutral on this topic
898,7898,"Highkey useful, tysm",0.5,False,1,0.5,"highkey useful, tysm"
899,7899,"Felt dragged out, lost me halfway",0.5,False,1,0.5,"felt dragged out, lost me halfway"
900,7900,"Solid attempt, could improve",0.5,False,1,0.5,"solid attempt, could improve"
901,7901,Main character energy right here,0.5,False,1,0.5,main character energy right here
902,7902,"Meh, it’s fine I guess",0.5,False,1,0.5,"meh, it’s fine i guess"
903,7903,"Felt dragged out, lost me halfway",0.5,False,1,0.5,"felt dragged out, lost me halfway"
904,7904,"Clear explanation, easy to follow",0.5,False,1,0.5,"clear explanation, easy to follow"
905,7905,"Unwatchable, I had to scroll",0.5,True,0,0.15,"unwatchable, i had to scroll"
906,7906,"Real talent, keep posting",0.5,False,1,0.5,"real talent, keep posting"
907,7907,"This actually ate, no crumbs",0.5,False,1,0.5,"this actually ate, no crumbs"
908,7908,"Average content, nothing special",0.5,False,1,0.5,"average content, nothing special"
909,7909,"The audio was rough, couldn’t listen",0.5,False,1,0.5,"the audio was rough, couldn’t listen"
910,7910,"This was so clean, respect",0.5,False,1,0.5,"this was so clean, respect"
911,7911,Production felt so cheap,0.5,False,1,0.5,production felt so cheap
912,7912,"Unwatchable, I had to scroll",0.5,True,0,0.15,"unwatchable, i had to scroll"
913,7913,The editing was on point fr,0.5,False,1,0.5,the editing was on point fr
914,7914,Lowkey the best thing on my FYP today,1.0,False,1,1.0,lowkey the best thing on my fyp today
915,7915,Couldn’t finish this one,0.5,False,1,0.5,couldn’t finish this one
916,7916,"This is next level, wow",0.5,False,1,0.5,"this is next level, wow"
917,7917,"This actually ate, no crumbs",0.5,False,1,0.5,"this actually ate, no crumbs"
918,7918,"The audio was rough, couldn’t listen",0.5,False,1,0.5,"the audio was rough, couldn’t listen"
919,7919,"Felt dragged out, lost me halfway",0.5,False,1,0.5,"felt dragged out, lost me halfway"
920,7920,Main character energy right here,0.5,False,1,0.5,main character energy right here
921,7921,This was kinda mid ngl,0.5,False,1,0.5,this was kinda mid ngl
922,7922,"It’s okay, seen better",0.5,False,1,0.5,"it’s okay, seen better"
923,7923,"Highkey useful, tysm",0.5,False,1,0.5,"highkey useful, tysm"
924,7924,"The audio was rough, couldn’t listen",0.5,False,1,0.5,"the audio was rough, couldn’t listen"
925,7925,"This actually ate, no crumbs",0.5,False,1,0.5,"this actually ate, no crumbs"
926,7926,This was kinda mid ngl,0.5,False,1,0.5,this was kinda mid ngl
927,7927,"Real talent, keep posting",0.5,False,1,0.5,"real talent, keep posting"
928,7928,"Alright I guess, nothing new",0.5,False,1,0.5,"alright i guess, nothing new"
929,7929,"Painful edit, not it",0.5,False,1,0.5,"painful edit, not it"
930,7930,Production felt so cheap,0.5,False,1,0.5,production felt so cheap
931,7931,Worst thing on my FYP today,0.0,False,1,0.0,worst thing on my fyp today
932,7932,"Painful edit, not it",0.5,False,1,0.5,"painful edit, not it"
933,7933,Main character energy right here,0.5,False,1,0.5,main character energy right here
934,7934,The editing was on point fr,0.5,False,1,0.5,the editing was on point fr
935,7935,"Average content, nothing special",0.5,False,1,0.5,"average content, nothing special"
936,7936,"Alright I guess, nothing new",0.5,False,1,0.5,"alright i guess, nothing new"
937,7937,"Alright I guess, nothing new",0.5,False,1,0.5,"alright i guess, nothing new"
938,7938,Lowkey the best thing on my FYP today,1.0,False,1,1.0,lowkey the best thing on my fyp today
939,7939,"Highkey useful, tysm",0.5,False,1,0.5,"highkey useful, tysm"
940,7940,"Alright I guess, nothing new",0.5,False,1,0.5,"alright i guess, nothing new"
941,7941,"The audio was rough, couldn’t listen",0.5,False,1,0.5,"the audio was rough, couldn’t listen"
942,7942,Bro thought he ate,0.5,False,1,0.5,bro thought he ate
943,7943,Production felt so cheap,0.5,False,1,0.5,production felt so cheap
944,7944,"This is next level, wow",0.5,False,1,0.5,"this is next level, wow"
945,7945,"This is next level, wow",0.5,False,1,0.5,"this is next level, wow"
946,7946,"Loved every second, pure vibes",1.0,False,1,1.0,"loved every second, pure vibes"
947,7947,"Painful edit, not it",0.5,False,1,0.5,"painful edit, not it"
948,7948,"Unwatchable, I had to scroll",0.5,True,0,0.15,"unwatchable, i had to scroll"
949,7949,"Real talent, keep posting",0.5,False,1,0.5,"real talent, keep posting"
950,7950,Okay-ish but kinda bland,0.5,False,1,0.5,okay-ish but kinda bland
951,7951,Lowkey the best thing on my FYP today,1.0,False,1,1.0,lowkey the best thing on my fyp today
952,7952,"Highkey useful, tysm",0.5,False,1,0.5,"highkey useful, tysm"
953,7953,"Solid attempt, could improve",0.5,False,1,0.5,"solid attempt, could improve"
954,7954,This was kinda mid ngl,0.5,False,1,0.5,this was kinda mid ngl
955,7955,Bro thought he ate,0.5,False,1,0.5,bro thought he ate
956,7956,"This was so clean, respect",0.5,False,1,0.5,"this was so clean, respect"
957,7957,"This actually ate, no crumbs",0.5,False,1,0.5,"this actually ate, no crumbs"
958,7958,"Alright I guess, nothing new",0.5,False,1,0.5,"alright i guess, nothing new"
959,7959,"Super basic, nothing new",0.5,False,1,0.5,"super basic, nothing new"
960,7960,"Real talent, keep posting",0.5,False,1,0.5,"real talent, keep posting"
961,7961,Some effort but not memorable,0.5,False,1,0.5,some effort but not memorable
962,7962,Okay-ish but kinda bland,0.5,False,1,0.5,okay-ish but kinda bland
963,7963,This was kinda mid ngl,0.5,False,1,0.5,this was kinda mid ngl
964,7964,"Felt dragged out, lost me halfway",0.5,False,1,0.5,"felt dragged out, lost me halfway"
965,7965,"It’s okay, seen better",0.5,False,1,0.5,"it’s okay, seen better"
966,7966,"Highkey useful, tysm",0.5,False,1,0.5,"highkey useful, tysm"
967,7967,"Alright I guess, nothing new",0.5,False,1,0.5,"alright i guess, nothing new"
968,7968,"Super basic, nothing new",0.5,False,1,0.5,"super basic, nothing new"
969,7969,Main character energy right here,0.5,False,1,0.5,main character energy right here
970,7970,"Highkey useful, tysm",0.5,False,1,0.5,"highkey useful, tysm"
971,7971,"Solid attempt, could improve",0.5,False,1,0.5,"solid attempt, could improve"
972,7972,Worst thing on my FYP today,0.0,False,1,0.0,worst thing on my fyp today
973,7973,Some effort but not memorable,0.5,False,1,0.5,some effort but not memorable
974,7974,"Average content, nothing special",0.5,False,1,0.5,"average content, nothing special"
975,7975,Okay-ish but kinda bland,0.5,False,1,0.5,okay-ish but kinda bland
976,7976,"Real talent, keep posting",0.5,False,1,0.5,"real talent, keep posting"
977,7977,"Painful edit, not it",0.5,False,1,0.5,"painful edit, not it"
978,7978,"This was so clean, respect",0.5,False,1,0.5,"this was so clean, respect"
979,7979,Main character energy right here,0.5,False,1,0.5,main character energy right here
980,7980,"Average content, nothing special",0.5,False,1,0.5,"average content, nothing special"
981,7981,Pretty mid but not terrible,0.0,False,1,0.0,pretty mid but not terrible
982,7982,"Not bad, not great either",0.5,False,1,0.5,"not bad, not great either"
983,7983,"Super basic, nothing new",0.5,False,1,0.5,"super basic, nothing new"
984,7984,Pretty mid but not terrible,0.0,False,1,0.0,pretty mid but not terrible
985,7985,"Loved every second, pure vibes",1.0,False,1,1.0,"loved every second, pure vibes"
986,7986,"Unwatchable, I had to scroll",0.5,True,0,0.15,"unwatchable, i had to scroll"
987,7987,Worst thing on my FYP today,0.0,False,1,0.0,worst thing on my fyp today
988,7988,"This was so clean, respect",0.5,False,1,0.5,"this was so clean, respect"
989,7989,The editing was on point fr,0.5,False,1,0.5,the editing was on point fr
990,7990,"Not bad, not great either",0.5,False,1,0.5,"not bad, not great either"
991,7991,Lowkey the best thing on my FYP today,1.0,False,1,1.0,lowkey the best thing on my fyp today
992,7992,Neutral on this topic,0.5,False,1,0.5,neutral on this topic
993,7993,"Not bad, not great either",0.5,False,1,0.5,"not bad, not great either"
994,7994,Pretty mid but not terrible,0.0,False,1,0.0,pretty mid but not terrible
995,7995,Couldn’t finish this one,0.5,False,1,0.5,couldn’t finish this one
996,7996,"Loved every second, pure vibes",1.0,False,1,1.0,"loved every second, pure vibes"
997,7997,"Loved every second, pure vibes",1.0,False,1,1.0,"loved every second, pure vibes"
998,7998,Lowkey the best thing on my FYP today,1.0,False,1,1.0,lowkey the best thing on my fyp today
999,7999,"Unwatchable, I had to scroll",0.5,True,0,0.15,"unwatchable, i had to scroll"
1000,8000,Pretty mid but not terrible,0.0,False,1,0.0,pretty mid but not terrible
