comment,sentiment_score,usefulness_score,usefulness_mentioned
boring. still confused gaming clip,-0.33,0.18,1
boring car mod,-0.78,0.1,0
very entertaining. saved me time comedy skit,0.52,0.84,1
this is gold. very helpful budget meal,0.83,0.8,1
okay i guess garden tour,-0.05,0.53,0
lifechanging tip! love the gaming clip,0.64,0.83,0
decent. somewhat useful for travel hack,-0.01,0.61,1
impressive work! love the college vlog,0.59,0.93,0
clickbait. didnt learn anything life hack,-0.41,0.28,1
waste of time college vlog,-0.46,0.3,0
this made my day. practical tip hair tutorial,0.91,0.93,1
kinda useful language lesson,0.07,0.52,0
i learned a lot. this helped a lot motivation,0.51,0.99,1
cringe science experiment,-0.53,0.28,0
low effort gaming clip,-0.21,0.07,0
chefs kiss! love the music cover,0.62,0.95,0
inspiring. practical tip dance,0.8,0.83,1
inspiring! love the travel vlog,0.53,0.88,0
hilarious! love the basketball highlight,0.6,0.95,0
inspiring! love the study tips,0.91,0.99,0
not bad asmr,0.28,0.56,0
wholesome. i learned something new fashion haul,0.96,0.72,1
amazing content! love the life hack,0.78,0.96,0
kinda useful. somewhat useful for nail art,0.17,0.62,1
clickbait. not useful ai demo,-0.92,0.04,1
decent. somewhat useful for history fact,0.24,0.62,1
wholesome. taking notes resume tips,0.78,0.99,1
not bad home decor,0.19,0.61,0
interesting asmr,-0.2,0.66,0
thanks for sharing tutorial,0.19,0.54,0
mixed feelings ai demo,0.13,0.66,0
loved this. saved me time movie recap,0.59,0.97,1
this is gold. exactly what i needed productivity,0.73,0.79,1
confusing science experiment,-0.8,0.29,0
thanks for sharing nail art,0.12,0.68,0
overhyped asmr,-0.71,0.39,0
kinda useful. somewhat useful for language lesson,-0.16,0.64,1
decent car mod,0.04,0.57,0
brilliant! love the college vlog,0.9,0.79,0
crystal clear. this helped a lot product review,0.5,0.89,1
okay i guess. somewhat useful for cooking fail,-0.06,0.55,1
too slow. this wont work prank,-0.39,0.1,1
solid advice. super useful ai demo,0.66,0.84,1
misleading crypto explainer,-0.52,0.06,0
well explained. explained so well cat video,0.71,0.72,1
genius idea. practical tip home decor,0.99,0.91,1
terrible explanation. no real tips dance,-0.67,0.02,1
genius idea. i can finally do this movie recap,0.7,0.84,1
lifechanging tip. taking notes coding,0.84,0.74,1
annoying. still confused basketball highlight,-0.88,0.03,1
boring workout,-0.71,0.25,0
genius idea. this helped a lot book review,0.69,0.98,1
confusing. still confused language lesson,-0.73,0.06,1
thanks for sharing tutorial,0.2,0.42,0
thanks for sharing music cover,0.14,0.32,0
well explained. i learned something new mindfulness,0.99,0.92,1
confusing. didnt explain the why workout,-0.95,0.06,1
solid advice. i can finally do this photography,0.72,0.88,1
this is gold! love the parenting tip,0.5,0.62,0
confusing. not useful nail art,-0.87,0.14,1
impressive work! love the gaming clip,0.81,0.9,0
not bad music cover,0.26,0.36,0
decent. kinda helpful for tech unboxing,0.01,0.45,1
too fast. missing steps cat video,-0.78,0.13,1
too fast. this wont work parenting tip,-0.64,0.16,1
confusing. zero value coding,-0.47,0.05,1
waste of time. not useful college vlog,-0.28,0.17,1
thanks for sharing. somewhat useful for comedy skit,0.0,0.48,1
interesting asmr,0.28,0.65,0
this is gold. explained so well photography,0.78,0.77,1
i learned a lot. this helped a lot college vlog,0.85,0.94,1
interesting finance advice,0.25,0.33,0
could be better. kinda helpful for cooking fail,0.1,0.42,1
clickbait cooking fail,-0.4,0.28,0
crystal clear! love the comedy skit,0.44,0.81,0
impressive work. i can finally do this productivity,0.84,0.76,1
thanks for sharing tech unboxing,-0.13,0.55,0
okay i guess nail art,-0.13,0.7,0
i learned a lot. i learned something new resume tips,0.54,0.94,1
i learned a lot. helped me fix it hair tutorial,0.97,0.83,1
ill try this gaming clip,-0.02,0.66,0
interesting dance,-0.06,0.41,0
mixed feelings music cover,0.03,0.54,0
interesting. kinda helpful for workout,0.21,0.41,1
cute!. practical tip tutorial,0.59,0.71,1
inspiring. taking notes art timelapse,0.81,0.93,1
interesting travel hack,0.25,0.37,0
lifechanging tip. taking notes car mod,0.85,0.84,1
low effort crypto explainer,-0.31,0.13,0
annoying. didnt explain the why photography,-0.51,0.2,1
loved this. i learned something new knitting,0.67,0.79,1
genius idea. useful for beginners ai demo,0.62,1.0,1
cringe. still confused home decor,-0.38,0.22,1
ill try this resume tips,0.07,0.3,0
hmm history fact,-0.02,0.32,0
not bad. somewhat useful for movie recap,-0.17,0.41,1
mixed feelings history fact,-0.19,0.41,0
hmm. kinda helpful for home decor,0.02,0.44,1
this made my day! love the nail art,0.43,0.88,0
too fast. didnt explain the why art timelapse,-0.59,0.13,1
thanks for sharing. kinda helpful for street food,0.21,0.47,1
loved this! love the mindfulness,0.67,0.88,0
impressive work. i can finally do this tech unboxing,0.58,0.71,1
too slow crypto explainer,-0.25,0.2,0
super helpful! love the tutorial,0.71,0.95,0
not helpful car mod,-0.95,0.06,0
misleading basketball highlight,-0.64,0.22,0
hilarious! love the product review,0.69,0.82,0
okay i guess. kinda helpful for comedy skit,0.05,0.54,1
lifechanging tip! love the budget meal,0.51,0.78,0
thanks for sharing productivity,0.06,0.7,0
i learned a lot! love the car mod,0.86,0.99,0
amazing content! love the prank,0.75,0.88,0
interesting skincare,0.02,0.69,0
not bad college vlog,-0.07,0.53,0
hmm prank,0.19,0.51,0
mixed feelings car mod,-0.17,0.67,0
okay i guess art timelapse,-0.08,0.58,0
confusing cat video,-0.8,0.13,0
not helpful. zero value recipe,-0.64,0.21,1
super helpful! love the movie recap,0.95,0.89,0
super helpful. explained so well garden tour,0.68,0.96,1
not helpful. didnt help life hack,-0.44,0.06,1
could be better garden tour,-0.0,0.32,0
genius idea! love the dog video,0.71,0.81,0
this made my day. this helped a lot product review,0.93,0.75,1
okay i guess resume tips,0.07,0.51,0
mixed feelings productivity,-0.0,0.55,0
okay i guess travel hack,0.3,0.66,0
annoying. useless budget meal,-0.82,0.02,1
impressive work! love the resume tips,0.68,0.92,0
confusing. still confused basketball highlight,-0.58,0.28,1
impressive work. i learned something new book review,0.85,0.98,1
solid advice! love the history fact,0.83,0.66,0
boring cooking fail,-0.94,0.18,0
well explained! love the knitting,0.56,0.85,0
overhyped. useless basketball highlight,-0.66,0.1,1
i didnt get it life hack,-0.96,0.31,0
inspiring. this helped a lot history fact,0.89,0.98,1
waste of time. didnt learn anything music cover,-0.35,0.24,1
loved this! love the recipe,0.98,0.73,0
well explained! love the history fact,0.88,0.96,0
ill try this parenting tip,0.23,0.52,0
chefs kiss. taking notes dog video,0.76,0.84,1
wholesome! love the history fact,0.94,0.9,0
okay i guess productivity,0.14,0.33,0
kinda useful book review,-0.19,0.48,0
misleading productivity,-0.53,0.23,0
i didnt get it. didnt explain the why finance advice,-0.74,0.17,1
loved this. exactly what i needed cat video,0.51,0.87,1
cute!. i can finally do this gaming clip,0.77,0.81,1
loved this. useful for beginners prank,1.0,0.86,1
mixed feelings dance,-0.06,0.38,0
hilarious. helped me fix it life hack,0.54,0.93,1
clickbait language lesson,-0.27,0.19,0
annoying crypto explainer,-0.7,0.24,0
well explained! love the art timelapse,0.63,0.83,0
genius idea! love the thrifting,0.97,0.71,0
okay i guess dog video,0.23,0.35,0
hilarious! love the art timelapse,0.86,0.86,0
solid advice! love the cooking fail,0.46,0.63,0
i didnt get it. no real tips thrifting,-0.95,0.1,1
amazing content. i learned something new skincare,0.94,0.93,1
impressive work. this helped a lot parenting tip,0.86,0.76,1
cringe. no real tips resume tips,-0.77,0.26,1
cringe. no real tips knitting,-0.36,0.19,1
could be better recipe,0.22,0.44,0
inspiring. bookmarked for later coding,0.96,0.71,1
decent car mod,0.0,0.43,0
not bad. kinda helpful for travel vlog,0.29,0.69,1
i didnt get it. useless comedy skit,-0.45,0.18,1
ill try this productivity,0.05,0.33,0
waste of time. zero value book review,-0.29,0.19,1
loved this. saved me time travel hack,0.78,0.96,1
interesting coding,0.16,0.56,0
super helpful. this answered my question nail art,0.84,0.87,1
crystal clear. i learned something new nail art,0.86,0.99,1
well explained! love the college vlog,0.93,0.85,0
cute!. this answered my question garden tour,0.85,0.9,1
cute!. practical tip asmr,0.52,0.94,1
confusing prank,-0.78,0.39,0
not bad. somewhat useful for comedy skit,-0.03,0.63,1
mixed feelings travel hack,-0.12,0.56,0
boring. not helpful at all dog video,-0.47,0.25,1
interesting. somewhat useful for tech unboxing,0.29,0.63,1
too slow recipe,-0.84,0.34,0
genius idea. clear and useful productivity,0.8,0.82,1
amazing content! love the motivation,0.55,0.88,0
this is gold. this helped a lot cat video,0.79,0.93,1
crystal clear. exactly what i needed dog video,0.92,0.79,1
kinda useful. somewhat useful for basketball highlight,0.06,0.56,1
decent life hack,-0.2,0.54,0
could be better asmr,-0.01,0.36,0
boring history fact,-0.54,0.05,0
misleading mindfulness,-0.4,0.07,0
decent productivity,-0.0,0.5,0
too fast. no real tips asmr,-0.67,0.21,1
i learned a lot. bookmarked for later photography,0.86,0.84,1
amazing content. exactly what i needed study tips,0.67,0.73,1
not bad. somewhat useful for coding,-0.15,0.4,1
annoying. this wont work knitting,-0.75,0.03,1
not helpful. still confused skincare,-0.75,0.04,1
not helpful. not useful recipe,-0.4,0.05,1
misleading. didnt learn anything recipe,-0.86,0.27,1
hmm motivation,0.29,0.68,0
interesting. somewhat useful for music cover,0.12,0.6,1
genius idea! love the language lesson,0.87,0.61,0
not helpful music cover,-0.22,0.17,0
could be better. somewhat useful for workout,0.14,0.67,1
hilarious! love the college vlog,0.88,0.76,0
inspiring. taking notes cleaning hack,0.51,0.89,1
inspiring. taking notes nail art,0.68,0.98,1
so good!. this answered my question budget meal,0.63,0.86,1
cute!! love the finance advice,0.42,0.88,0
annoying fashion haul,-0.3,0.23,0
i learned a lot. bookmarked for later gaming clip,0.79,0.82,1
genius idea! love the book review,0.48,0.74,0
this made my day! love the cooking fail,0.67,0.71,0
mixed feelings parenting tip,0.14,0.39,0
low effort. no real tips mindfulness,-0.59,0.27,1
clickbait garden tour,-0.64,0.02,0
okay i guess parenting tip,0.12,0.55,0
decent. kinda helpful for history fact,0.27,0.7,1
super helpful! love the asmr,0.93,0.94,0
impressive work. exactly what i needed prank,0.84,0.85,1
clickbait. this wont work car mod,-0.83,0.04,1
kinda useful makeup,0.21,0.49,0
could be better history fact,0.28,0.68,0
misleading. not helpful at all resume tips,-0.54,0.15,1
terrible explanation. still confused gaming clip,-0.93,0.21,1
boring. not useful study tips,-0.36,0.14,1
boring fashion haul,-0.46,0.33,0
overhyped. missing steps budget meal,-0.46,0.3,1
kinda useful book review,0.08,0.32,0
mixed feelings gaming clip,0.18,0.36,0
too fast ai demo,-0.68,0.3,0
clickbait. not helpful at all asmr,-0.66,0.04,1
boring ai demo,-0.71,0.26,0
could be better. kinda helpful for dog video,0.21,0.62,1
interesting life hack,0.22,0.6,0
kinda useful recipe,0.12,0.32,0
overhyped basketball highlight,-0.25,0.3,0
inspiring! love the music cover,0.93,0.69,0
cute!! love the cooking fail,0.72,0.95,0
cute!! love the resume tips,0.8,0.71,0
cute!. taking notes history fact,0.89,0.78,1
i learned a lot. saved me time cooking fail,0.93,0.81,1
amazing content. i learned something new dance,0.7,0.99,1
i learned a lot. useful for beginners music cover,0.72,0.81,1
loved this! love the prank,0.68,0.91,0
boring. still confused comedy skit,-0.88,0.15,1
genius idea. practical tip workout,0.6,0.91,1
interesting. somewhat useful for basketball highlight,0.24,0.65,1
too slow motivation,-0.61,0.08,0
impressive work! love the music cover,0.82,0.66,0
cute!! love the cleaning hack,0.51,0.9,0
cute!! love the skincare,0.84,0.89,0
chefs kiss. exactly what i needed cat video,0.95,0.78,1
boring. useless skincare,-0.49,0.2,1
too fast. still confused budget meal,-0.23,0.19,1
so good!. exactly what i needed makeup,0.8,0.83,1
not bad travel hack,0.13,0.47,0
solid advice. this answered my question budget meal,0.65,0.91,1
i didnt get it ai demo,-0.82,0.22,0
mixed feelings. kinda helpful for home decor,-0.1,0.65,1
thanks for sharing. somewhat useful for hair tutorial,0.3,0.44,1
decent skincare,0.1,0.55,0
decent. kinda helpful for resume tips,-0.15,0.47,1
very entertaining! love the cooking fail,0.88,0.91,0
interesting. kinda helpful for resume tips,0.12,0.67,1
ill try this motivation,-0.05,0.39,0
thanks for sharing mindfulness,-0.08,0.51,0
not bad street food,0.06,0.3,0
solid advice. very helpful fashion haul,0.78,0.8,1
chefs kiss. taking notes motivation,0.61,1.0,1
chefs kiss. helped me fix it hair tutorial,0.66,0.87,1
genius idea. explained so well knitting,0.75,0.72,1
this made my day. super useful dance,0.97,0.92,1
super helpful. i learned something new skincare,0.73,0.9,1
misleading ai demo,-0.55,0.18,0
confusing hair tutorial,-0.97,0.23,0
solid advice! love the tutorial,0.84,0.9,0
terrible explanation. missing steps skincare,-0.55,0.23,1
could be better. kinda helpful for asmr,-0.15,0.68,1
too slow productivity,-0.6,0.24,0
genius idea! love the mindfulness,0.74,0.61,0
overhyped. still confused science experiment,-0.33,0.29,1
overhyped comedy skit,-0.65,0.09,0
cringe street food,-0.9,0.28,0
genius idea! love the asmr,0.45,0.68,0
i didnt get it. this wont work budget meal,-0.57,0.28,1
annoying. still confused prank,-0.5,0.15,1
loved this. this helped a lot cooking fail,0.79,0.85,1
cringe nail art,-0.79,0.26,0
genius idea. i learned something new music cover,0.59,0.88,1
solid advice. exactly what i needed gaming clip,0.53,0.85,1
ill try this cleaning hack,-0.2,0.45,0
ill try this. kinda helpful for movie recap,0.26,0.53,1
ill try this. kinda helpful for gaming clip,-0.18,0.64,1
solid advice! love the basketball highlight,0.99,0.82,0
overhyped. not useful mindfulness,-0.96,0.27,1
well explained. practical tip movie recap,0.77,0.74,1
low effort. didnt learn anything travel hack,-1.0,0.09,1
crystal clear! love the recipe,0.41,1.0,0
genius idea! love the recipe,0.46,0.82,0
not bad art timelapse,0.19,0.54,0
loved this! love the gaming clip,0.6,0.83,0
boring crypto explainer,-0.57,0.23,0
kinda useful. kinda helpful for travel vlog,-0.04,0.4,1
could be better workout,0.22,0.68,0
brilliant! love the art timelapse,0.45,0.99,0
i learned a lot. super useful music cover,0.52,0.99,1
cute!! love the comedy skit,0.44,0.97,0
solid advice. explained so well garden tour,0.5,0.78,1
super helpful! love the motivation,0.87,0.9,0
solid advice. this answered my question ai demo,0.54,0.81,1
not bad language lesson,0.12,0.32,0
well explained! love the budget meal,0.77,0.84,0
inspiring! love the music cover,0.7,0.8,0
boring. no real tips ai demo,-0.73,0.24,1
thanks for sharing productivity,0.22,0.63,0
too slow nail art,-0.96,0.34,0
this made my day. this helped a lot book review,0.9,0.95,1
not bad tutorial,0.18,0.66,0
very entertaining! love the comedy skit,0.93,0.88,0
hmm. somewhat useful for college vlog,-0.06,0.65,1
so good!! love the asmr,0.41,0.87,0
wholesome. this answered my question knitting,0.97,0.74,1
well explained! love the comedy skit,0.78,0.97,0
okay i guess science experiment,-0.05,0.41,0
mixed feelings crypto explainer,0.13,0.64,0
impressive work. i learned something new productivity,0.8,0.93,1
terrible explanation hair tutorial,-0.6,0.39,0
misleading cleaning hack,-0.58,0.15,0
terrible explanation. missing steps nail art,-0.93,0.29,1
solid advice. i can finally do this basketball highlight,0.8,0.76,1
impressive work. taking notes makeup,0.84,1.0,1
ill try this. kinda helpful for car mod,0.14,0.55,1
cute!! love the dance,0.52,0.89,0
this is gold. this answered my question workout,0.92,0.92,1
could be better tutorial,-0.0,0.42,0
mixed feelings dog video,-0.02,0.3,0
boring ai demo,-0.7,0.21,0
lifechanging tip. taking notes mindfulness,0.57,0.74,1
not helpful ai demo,-0.54,0.37,0
cringe comedy skit,-0.49,0.36,0
cute!. clear and useful dog video,0.9,0.91,1
kinda useful life hack,0.14,0.52,0
very entertaining! love the movie recap,0.49,0.64,0
could be better. kinda helpful for garden tour,-0.18,0.4,1
okay i guess resume tips,0.03,0.44,0
clickbait. this wont work home decor,-0.22,0.14,1
too fast science experiment,-0.84,0.21,0
waste of time. no real tips basketball highlight,-0.9,0.22,1
wholesome! love the language lesson,0.85,0.82,0
genius idea. bookmarked for later history fact,0.76,0.86,1
hilarious. i learned something new car mod,0.69,0.81,1
kinda useful. somewhat useful for dance,0.02,0.65,1
mixed feelings. somewhat useful for ai demo,0.16,0.65,1
not bad. somewhat useful for product review,-0.14,0.44,1
not bad. somewhat useful for crypto explainer,0.12,0.47,1
chefs kiss. saved me time gaming clip,0.8,0.94,1
crystal clear. saved me time movie recap,0.93,0.94,1
annoying. useless study tips,-0.37,0.27,1
hilarious. this helped a lot photography,0.87,0.93,1
lifechanging tip. bookmarked for later thrifting,0.85,0.91,1
overhyped street food,-0.33,0.2,0
not bad. somewhat useful for car mod,-0.07,0.55,1
could be better. somewhat useful for parenting tip,-0.18,0.58,1
well explained! love the skincare,0.59,0.82,0
brilliant! love the photography,0.84,0.95,0
chefs kiss. bookmarked for later cleaning hack,0.63,0.96,1
genius idea. this helped a lot parenting tip,0.72,0.9,1
impressive work! love the travel hack,0.47,0.99,0
decent resume tips,0.23,0.5,0
i learned a lot! love the budget meal,0.48,0.7,0
hmm skincare,0.09,0.44,0
interesting productivity,0.28,0.46,0
boring. useless dance,-0.27,0.08,1
overhyped. this wont work skincare,-0.23,0.03,1
very entertaining. super useful crypto explainer,0.59,0.99,1
i didnt get it recipe,-0.39,0.04,0
well explained! love the recipe,0.55,0.98,0
inspiring. practical tip study tips,0.91,0.92,1
misleading. not useful thrifting,-0.54,0.07,1
boring life hack,-0.54,0.16,0
kinda useful fashion haul,-0.1,0.45,0
not bad street food,-0.16,0.7,0
impressive work. helped me fix it science experiment,0.9,0.9,1
decent. somewhat useful for fashion haul,0.05,0.6,1
loved this. very helpful motivation,0.55,0.77,1
okay i guess movie recap,-0.07,0.47,0
lifechanging tip. this helped a lot home decor,0.76,0.96,1
i learned a lot! love the motivation,0.82,0.61,0
too slow thrifting,-0.28,0.14,0
ill try this music cover,-0.01,0.68,0
inspiring! love the crypto explainer,0.47,0.92,0
well explained! love the basketball highlight,0.43,0.8,0
hmm product review,0.03,0.55,0
annoying crypto explainer,-0.84,0.18,0
mixed feelings. somewhat useful for garden tour,0.03,0.65,1
very entertaining. saved me time garden tour,0.67,0.83,1
could be better cooking fail,0.26,0.33,0
crystal clear! love the cleaning hack,0.7,0.99,0
low effort car mod,-0.24,0.33,0
i didnt get it. still confused life hack,-0.61,0.06,1
mixed feelings garden tour,0.2,0.62,0
solid advice! love the knitting,0.89,0.85,0
cringe photography,-0.65,0.11,0
overhyped comedy skit,-0.38,0.1,0
interesting prank,0.22,0.41,0
thanks for sharing. somewhat useful for cleaning hack,0.2,0.47,1
loved this! love the science experiment,0.69,0.6,0
mixed feelings music cover,-0.11,0.53,0
chefs kiss! love the hair tutorial,0.71,0.88,0
i didnt get it. no real tips finance advice,-1.0,0.03,1
i learned a lot! love the product review,0.59,0.62,0
boring knitting,-0.53,0.18,0
hilarious. i learned something new skincare,0.99,0.78,1
boring. zero value motivation,-0.84,0.27,1
thanks for sharing. kinda helpful for asmr,0.09,0.69,1
cute!. explained so well dog video,0.56,0.94,1
i learned a lot. explained so well hair tutorial,0.82,0.84,1
interesting life hack,-0.09,0.41,0
hmm language lesson,0.1,0.49,0
genius idea! love the history fact,0.86,0.87,0
so good!! love the mindfulness,0.92,0.79,0
clickbait productivity,-0.46,0.28,0
boring gaming clip,-0.92,0.16,0
kinda useful. somewhat useful for skincare,0.28,0.58,1
crystal clear! love the resume tips,0.55,0.76,0
interesting cooking fail,-0.18,0.33,0
not bad basketball highlight,-0.07,0.63,0
impressive work! love the garden tour,0.58,0.81,0
decent. somewhat useful for finance advice,-0.09,0.51,1
interesting history fact,0.11,0.65,0
crystal clear. explained so well car mod,0.91,0.87,1
cringe prank,-0.24,0.1,0
thanks for sharing productivity,-0.07,0.41,0
clickbait finance advice,-0.41,0.13,0
loved this. useful for beginners skincare,0.5,0.81,1
too slow travel hack,-0.71,0.05,0
waste of time skincare,-0.5,0.24,0
super helpful! love the product review,0.61,0.99,0
so good!. taking notes science experiment,0.9,0.88,1
cringe. missing steps finance advice,-0.87,0.06,1
lifechanging tip. very helpful gaming clip,0.96,0.87,1
impressive work. this helped a lot tutorial,0.85,0.93,1
misleading product review,-0.45,0.05,0
genius idea. clear and useful asmr,0.61,0.91,1
cute!! love the cleaning hack,0.93,0.83,0
clickbait cleaning hack,-0.34,0.09,0
i didnt get it. didnt explain the why art timelapse,-0.59,0.06,1
thanks for sharing. somewhat useful for makeup,-0.11,0.55,1
wholesome! love the art timelapse,0.8,0.63,0
not bad history fact,0.23,0.59,0
hilarious. taking notes home decor,0.51,0.94,1
misleading travel hack,-0.43,0.05,0
waste of time language lesson,-0.43,0.12,0
very entertaining. practical tip dance,0.68,0.8,1
annoying college vlog,-0.94,0.2,0
okay i guess cat video,-0.05,0.61,0
hmm. somewhat useful for photography,0.24,0.51,1
amazing content! love the gaming clip,0.84,0.92,0
interesting prank,0.24,0.58,0
thanks for sharing art timelapse,0.25,0.47,0
waste of time. not useful ai demo,-0.66,0.1,1
well explained. this helped a lot garden tour,0.89,0.98,1
interesting. kinda helpful for productivity,0.19,0.45,1
ill try this. somewhat useful for workout,0.21,0.68,1
kinda useful gaming clip,-0.18,0.55,0
well explained! love the history fact,0.61,0.85,0
cringe. didnt help history fact,-0.55,0.13,1
cute!! love the crypto explainer,0.92,0.77,0
lifechanging tip. this helped a lot cooking fail,0.9,0.79,1
loved this. very helpful nail art,0.69,0.84,1
okay i guess. somewhat useful for history fact,-0.08,0.54,1
thanks for sharing motivation,-0.17,0.4,0
could be better resume tips,0.12,0.52,0
cringe recipe,-0.94,0.08,0
super helpful. this helped a lot study tips,0.85,0.71,1
thanks for sharing resume tips,-0.18,0.5,0
could be better tutorial,-0.12,0.48,0
too slow. no real tips tech unboxing,-0.25,0.08,1
hilarious. exactly what i needed cleaning hack,0.64,0.92,1
misleading makeup,-0.76,0.04,0
misleading. still confused knitting,-0.32,0.09,1
okay i guess comedy skit,0.02,0.54,0
mixed feelings prank,0.07,0.57,0
too slow. still confused photography,-0.47,0.16,1
boring movie recap,-0.44,0.23,0
solid advice. super useful prank,0.64,0.76,1
thanks for sharing workout,0.27,0.64,0
solid advice. taking notes product review,0.76,1.0,1
okay i guess gaming clip,-0.08,0.62,0
okay i guess. somewhat useful for tech unboxing,0.25,0.44,1
hmm. kinda helpful for music cover,-0.1,0.61,1
mixed feelings mindfulness,0.26,0.4,0
hilarious! love the history fact,0.79,0.87,0
too fast art timelapse,-0.72,0.02,0
clickbait dog video,-0.79,0.26,0
boring. not helpful at all comedy skit,-0.91,0.11,1
i learned a lot. this helped a lot productivity,0.54,0.79,1
not bad resume tips,-0.08,0.35,0
mixed feelings travel vlog,0.2,0.56,0
this is gold! love the mindfulness,0.73,0.62,0
okay i guess travel vlog,0.05,0.58,0
waste of time car mod,-0.45,0.27,0
too fast. still confused cat video,-0.21,0.01,1
interesting. kinda helpful for cooking fail,0.06,0.58,1
hmm science experiment,-0.02,0.61,0
cute!. super useful hair tutorial,0.81,0.81,1
boring. this wont work study tips,-0.96,0.25,1
not bad. kinda helpful for tutorial,0.18,0.4,1
hilarious. i can finally do this makeup,0.91,0.98,1
loved this. very helpful gaming clip,0.72,0.88,1
terrible explanation. not helpful at all prank,-0.84,0.05,1
annoying travel vlog,-0.88,0.17,0
hilarious! love the parenting tip,0.94,0.87,0
okay i guess motivation,-0.2,0.43,0
clickbait science experiment,-0.97,0.22,0
this made my day! love the nail art,0.45,0.81,0
decent product review,-0.02,0.69,0
interesting life hack,0.06,0.45,0
ill try this. somewhat useful for ai demo,0.09,0.67,1
well explained. clear and useful life hack,0.84,0.75,1
clickbait mindfulness,-0.91,0.13,0
this made my day. clear and useful recipe,0.52,0.86,1
crystal clear. i can finally do this language lesson,0.62,0.81,1
cute!! love the mindfulness,0.62,0.72,0
low effort parenting tip,-0.68,0.11,0
loved this! love the comedy skit,0.49,0.91,0
i didnt get it. zero value tutorial,-0.44,0.1,1
well explained! love the home decor,0.95,0.85,0
low effort asmr,-0.58,0.15,0
genius idea! love the parenting tip,0.7,0.9,0
confusing college vlog,-0.29,0.29,0
crystal clear. taking notes nail art,0.79,0.72,1
lifechanging tip! love the product review,0.55,0.72,0
chefs kiss! love the product review,0.92,0.93,0
hilarious. explained so well knitting,1.0,0.96,1
so good!. useful for beginners art timelapse,0.71,0.89,1
too slow tech unboxing,-0.98,0.06,0
clickbait. didnt help makeup,-0.65,0.04,1
cringe. not helpful at all recipe,-0.95,0.18,1
not helpful finance advice,-0.3,0.02,0
could be better. somewhat useful for makeup,0.13,0.64,1
kinda useful cleaning hack,0.14,0.33,0
brilliant. practical tip parenting tip,0.83,0.83,1
interesting knitting,0.12,0.48,0
inspiring! love the hair tutorial,0.99,0.93,0
brilliant! love the workout,0.62,0.7,0
clickbait. no real tips ai demo,-0.37,0.22,1
genius idea. explained so well home decor,0.94,0.92,1
decent. kinda helpful for ai demo,-0.14,0.44,1
hmm ai demo,-0.01,0.54,0
annoying home decor,-0.57,0.12,0
cute!! love the art timelapse,0.51,0.66,0
confusing dance,-0.66,0.36,0
brilliant. saved me time asmr,0.79,0.83,1
crystal clear! love the life hack,0.55,0.82,0
wholesome. i can finally do this street food,0.89,0.92,1
super helpful. super useful art timelapse,0.8,0.72,1
misleading. didnt help finance advice,-0.55,0.03,1
decent. kinda helpful for motivation,0.09,0.54,1
not helpful. missing steps coding,-0.73,0.15,1
misleading tutorial,-0.65,0.32,0
kinda useful basketball highlight,0.04,0.5,0
amazing content! love the asmr,0.53,0.86,0
this made my day. practical tip skincare,0.52,0.85,1
super helpful. clear and useful nail art,0.87,0.85,1
genius idea. practical tip life hack,0.59,1.0,1
very entertaining. useful for beginners home decor,0.73,0.95,1
annoying. not useful tutorial,-0.82,0.23,1
interesting nail art,-0.05,0.33,0
misleading garden tour,-0.33,0.14,0
brilliant! love the workout,0.88,0.8,0
thanks for sharing thrifting,-0.12,0.39,0
decent thrifting,0.24,0.62,0
loved this! love the dog video,0.58,0.75,0
ill try this. somewhat useful for cat video,-0.01,0.61,1
misleading. zero value movie recap,-0.86,0.0,1
cringe. zero value gaming clip,-0.8,0.04,1
this made my day! love the book review,0.55,0.72,0
lifechanging tip! love the finance advice,0.9,0.7,0
very entertaining. i can finally do this resume tips,0.79,0.77,1
genius idea. exactly what i needed dog video,0.54,0.8,1
confusing thrifting,-0.49,0.07,0
loved this! love the garden tour,0.6,0.7,0
mixed feelings. kinda helpful for travel vlog,0.02,0.6,1
annoying art timelapse,-0.26,0.24,0
annoying history fact,-0.51,0.18,0
inspiring. practical tip crypto explainer,0.9,0.75,1
brilliant! love the nail art,0.46,0.71,0
could be better. kinda helpful for asmr,-0.16,0.4,1
terrible explanation cooking fail,-0.54,0.23,0
confusing book review,-0.34,0.33,0
amazing content. useful for beginners recipe,0.65,0.85,1
could be better movie recap,-0.02,0.46,0
okay i guess movie recap,0.1,0.68,0
mixed feelings prank,0.26,0.68,0
too slow. didnt learn anything movie recap,-0.88,0.06,1
not bad. somewhat useful for gaming clip,-0.09,0.66,1
okay i guess science experiment,-0.11,0.39,0
overhyped. no real tips comedy skit,-0.25,0.12,1
cringe. zero value car mod,-0.25,0.09,1
terrible explanation. not helpful at all basketball highlight,-0.62,0.24,1
inspiring! love the recipe,0.7,0.88,0
misleading. this wont work productivity,-0.28,0.21,1
kinda useful garden tour,-0.05,0.37,0
loved this! love the college vlog,0.62,0.63,0
thanks for sharing college vlog,0.26,0.5,0
waste of time. zero value book review,-0.77,0.13,1
could be better dog video,-0.11,0.38,0
overhyped productivity,-0.74,0.23,0
impressive work. useful for beginners fashion haul,0.6,0.85,1
okay i guess product review,0.13,0.48,0
loved this. taking notes cleaning hack,0.68,0.96,1
too slow parenting tip,-0.94,0.23,0
too slow. didnt help travel vlog,-0.75,0.2,1
annoying. missing steps movie recap,-0.2,0.3,1
could be better tutorial,0.08,0.66,0
ill try this. kinda helpful for crypto explainer,0.01,0.51,1
so good!! love the mindfulness,0.95,0.74,0
overhyped. zero value home decor,-0.7,0.05,1
loved this! love the history fact,0.77,0.74,0
not bad study tips,0.26,0.58,0
not bad recipe,0.2,0.69,0
lifechanging tip. this answered my question productivity,0.52,0.8,1
okay i guess. kinda helpful for dog video,0.04,0.66,1
overhyped. didnt explain the why cooking fail,-0.49,0.05,1
hilarious. i can finally do this budget meal,0.91,0.96,1
annoying tech unboxing,-0.65,0.12,0
low effort. zero value resume tips,-0.75,0.13,1
kinda useful nail art,-0.16,0.39,0
confusing hair tutorial,-0.87,0.2,0
inspiring! love the prank,0.8,0.61,0
too fast prank,-0.67,0.1,0
clickbait. not helpful at all street food,-0.6,0.04,1
this made my day. super useful movie recap,0.99,0.86,1
could be better dog video,-0.1,0.62,0
inspiring. useful for beginners basketball highlight,0.6,0.96,1
misleading makeup,-0.42,0.1,0
genius idea. this helped a lot movie recap,0.65,0.94,1
brilliant. exactly what i needed motivation,0.67,0.8,1
kinda useful knitting,0.14,0.7,0
mixed feelings makeup,0.15,0.64,0
could be better makeup,0.18,0.54,0
kinda useful nail art,0.02,0.49,0
i didnt get it art timelapse,-0.83,0.05,0
well explained! love the budget meal,0.79,0.92,0
i learned a lot. saved me time dance,0.67,0.78,1
not bad cooking fail,0.21,0.62,0
so good!. saved me time music cover,0.89,0.9,1
not bad. kinda helpful for ai demo,-0.03,0.5,1
clickbait. didnt explain the why life hack,-0.89,0.12,1
too slow. useless art timelapse,-0.64,0.18,1
decent resume tips,0.25,0.64,0
this made my day! love the tutorial,0.52,0.82,0
genius idea. taking notes finance advice,0.67,0.8,1
kinda useful music cover,0.15,0.67,0
could be better resume tips,0.26,0.62,0
okay i guess coding,0.18,0.62,0
clickbait dance,-0.98,0.37,0
not bad basketball highlight,-0.15,0.42,0
i learned a lot. useful for beginners photography,0.85,0.71,1
could be better movie recap,-0.13,0.68,0
loved this! love the productivity,0.74,0.77,0
wholesome. i can finally do this travel vlog,0.62,0.7,1
hmm. somewhat useful for language lesson,-0.13,0.54,1
thanks for sharing product review,0.13,0.65,0
interesting comedy skit,-0.17,0.56,0
kinda useful music cover,0.05,0.65,0
okay i guess. kinda helpful for nail art,-0.14,0.66,1
chefs kiss. exactly what i needed resume tips,0.63,0.73,1
not bad science experiment,0.03,0.35,0
loved this. clear and useful hair tutorial,0.88,0.77,1
genius idea! love the finance advice,0.88,0.79,0
cringe recipe,-0.89,0.08,0
boring. didnt learn anything travel vlog,-0.49,0.08,1
interesting gaming clip,-0.19,0.31,0
crystal clear. this helped a lot study tips,0.56,0.81,1
clickbait dog video,-0.65,0.31,0
too fast. zero value prank,-0.66,0.09,1
annoying gaming clip,-0.43,0.25,0
impressive work. this answered my question movie recap,0.6,0.8,1
too fast basketball highlight,-0.9,0.16,0
hmm tech unboxing,0.23,0.53,0
waste of time. this wont work movie recap,-0.82,0.11,1
mixed feelings science experiment,0.06,0.37,0
this is gold. explained so well history fact,0.75,0.91,1
kinda useful nail art,0.19,0.44,0
overhyped book review,-0.61,0.2,0
misleading book review,-0.76,0.1,0
terrible explanation book review,-0.26,0.35,0
hilarious. practical tip product review,0.75,0.94,1
impressive work. taking notes nail art,0.83,0.96,1
so good!! love the product review,0.55,0.79,0
crystal clear! love the art timelapse,0.43,0.9,0
decent. somewhat useful for cat video,-0.18,0.48,1
genius idea! love the asmr,0.94,0.64,0
loved this. practical tip car mod,0.91,0.72,1
thanks for sharing. somewhat useful for knitting,0.27,0.58,1
i didnt get it comedy skit,-0.45,0.14,0
kinda useful prank,0.01,0.41,0
lifechanging tip! love the comedy skit,0.94,0.88,0
not helpful. useless science experiment,-0.61,0.22,1
okay i guess book review,-0.09,0.34,0
waste of time. useless workout,-0.47,0.12,1
hmm makeup,-0.06,0.61,0
this is gold! love the dance,0.46,0.67,0
so good!. super useful product review,0.9,0.91,1
cringe budget meal,-0.73,0.27,0
wholesome! love the science experiment,0.97,0.78,0
okay i guess. kinda helpful for mindfulness,-0.09,0.61,1
hilarious. i can finally do this basketball highlight,0.72,0.74,1
thanks for sharing. somewhat useful for skincare,-0.18,0.5,1
this made my day. useful for beginners makeup,0.63,0.89,1
thanks for sharing college vlog,0.2,0.45,0
genius idea. very helpful history fact,0.68,0.99,1
not bad tutorial,0.13,0.39,0
boring asmr,-0.32,0.19,0
crystal clear! love the music cover,0.57,0.63,0
kinda useful movie recap,0.1,0.7,0
so good!. this helped a lot college vlog,0.59,0.84,1
not bad street food,0.29,0.64,0
this is gold. i can finally do this science experiment,0.62,0.71,1
cringe dog video,-0.63,0.21,0
so good!. exactly what i needed science experiment,0.97,0.7,1
interesting cleaning hack,-0.17,0.41,0
i learned a lot. exactly what i needed history fact,0.52,0.98,1
mixed feelings cooking fail,-0.04,0.61,0
interesting resume tips,-0.15,0.53,0
hilarious. exactly what i needed history fact,0.81,0.82,1
very entertaining! love the resume tips,0.46,0.96,0
cringe book review,-0.56,0.09,0
hmm basketball highlight,0.04,0.36,0
lifechanging tip! love the product review,0.91,0.96,0
ill try this study tips,0.02,0.69,0
ill try this resume tips,0.23,0.59,0
too fast. no real tips college vlog,-0.23,0.19,1
very entertaining. super useful travel vlog,0.64,0.99,1
thanks for sharing travel vlog,-0.04,0.54,0
hmm parenting tip,-0.15,0.65,0
lifechanging tip. super useful knitting,0.63,0.98,1
misleading. no real tips prank,-0.5,0.01,1
hilarious. i can finally do this life hack,0.99,0.87,1
low effort college vlog,-0.23,0.31,0
i didnt get it crypto explainer,-0.38,0.39,0
super helpful! love the gaming clip,0.49,0.7,0
could be better recipe,0.09,0.44,0
super helpful. i learned something new art timelapse,0.5,0.81,1
low effort. missing steps budget meal,-0.83,0.24,1
decent. somewhat useful for tech unboxing,0.21,0.48,1
boring. this wont work prank,-0.41,0.1,1
lifechanging tip! love the budget meal,0.67,0.89,0
cringe. not helpful at all photography,-0.78,0.01,1
well explained! love the product review,0.42,0.62,0
i didnt get it finance advice,-0.77,0.36,0
ill try this. somewhat useful for product review,-0.11,0.54,1
overhyped. no real tips travel vlog,-0.41,0.25,1
terrible explanation. this wont work comedy skit,-0.39,0.04,1
kinda useful ai demo,0.11,0.65,0
wholesome. super useful comedy skit,0.85,0.83,1
okay i guess. kinda helpful for resume tips,0.22,0.66,1
waste of time. not useful cleaning hack,-0.99,0.24,1
clickbait college vlog,-0.78,0.12,0
very entertaining. i can finally do this cooking fail,0.68,0.84,1
hilarious! love the crypto explainer,0.63,0.6,0
decent language lesson,0.0,0.66,0
cute!! love the knitting,0.89,0.98,0
low effort. still confused basketball highlight,-0.31,0.12,1
waste of time. didnt explain the why car mod,-0.73,0.22,1
this is gold! love the tech unboxing,0.44,0.75,0
kinda useful book review,0.05,0.54,0
okay i guess. kinda helpful for workout,0.08,0.61,1
super helpful. helped me fix it college vlog,0.84,0.84,1
hmm. kinda helpful for tech unboxing,-0.05,0.54,1
this made my day. this helped a lot productivity,0.77,0.76,1
boring. not helpful at all life hack,-0.91,0.27,1
clickbait. didnt learn anything gaming clip,-0.57,0.08,1
hmm. somewhat useful for history fact,-0.16,0.43,1
mixed feelings life hack,-0.09,0.68,0
too fast. this wont work dog video,-0.26,0.14,1
very entertaining! love the crypto explainer,0.66,0.95,0
too fast crypto explainer,-0.43,0.23,0
not bad knitting,-0.13,0.51,0
lifechanging tip! love the resume tips,0.75,0.64,0
thanks for sharing. kinda helpful for knitting,-0.12,0.61,1
impressive work. i learned something new life hack,0.68,0.86,1
decent gaming clip,0.22,0.53,0
amazing content! love the cat video,0.96,0.94,0
mixed feelings dog video,0.23,0.6,0
hilarious. useful for beginners tutorial,0.89,0.74,1
hmm art timelapse,-0.01,0.59,0
terrible explanation movie recap,-0.92,0.06,0
thanks for sharing. somewhat useful for history fact,-0.12,0.41,1
boring life hack,-0.78,0.04,0
lifechanging tip! love the prank,0.9,0.63,0
too fast. didnt learn anything finance advice,-0.78,0.01,1
boring tutorial,-0.85,0.1,0
too slow cat video,-0.89,0.19,0
crystal clear. useful for beginners finance advice,0.73,0.89,1
mixed feelings study tips,0.26,0.4,0
boring. didnt learn anything basketball highlight,-0.65,0.1,1
decent. kinda helpful for dog video,-0.06,0.68,1
brilliant. taking notes study tips,0.61,0.77,1
waste of time. not helpful at all asmr,-0.23,0.25,1
crystal clear! love the science experiment,0.9,0.69,0
thanks for sharing prank,0.11,0.52,0
kinda useful history fact,0.24,0.39,0
loved this. useful for beginners asmr,0.8,0.73,1
too slow workout,-0.63,0.15,0
not helpful travel vlog,-0.25,0.04,0
low effort fashion haul,-0.52,0.27,0
crystal clear. useful for beginners dance,0.63,0.76,1
very entertaining. clear and useful comedy skit,0.85,0.74,1
amazing content. useful for beginners travel hack,0.7,0.99,1
loved this! love the cooking fail,0.7,0.95,0
not helpful. useless photography,-0.4,0.06,1
loved this! love the skincare,0.53,0.99,0
kinda useful history fact,-0.06,0.65,0
could be better art timelapse,0.13,0.69,0
crystal clear. bookmarked for later prank,0.69,0.79,1
terrible explanation tech unboxing,-0.25,0.21,0
crystal clear. explained so well dog video,0.6,0.79,1
genius idea. bookmarked for later basketball highlight,0.75,0.95,1
mixed feelings asmr,0.19,0.46,0
well explained! love the tutorial,0.67,0.73,0
could be better. kinda helpful for fashion haul,-0.12,0.4,1
this is gold. useful for beginners makeup,0.68,0.88,1
well explained. i learned something new ai demo,0.54,0.71,1
waste of time workout,-0.56,0.19,0
too fast. not helpful at all music cover,-0.84,0.19,1
boring thrifting,-0.49,0.07,0
chefs kiss. useful for beginners dance,0.63,0.74,1
clickbait parenting tip,-0.52,0.13,0
hmm budget meal,0.14,0.46,0
wholesome. clear and useful recipe,0.99,0.82,1
decent product review,-0.2,0.57,0
could be better. somewhat useful for asmr,0.16,0.51,1
this is gold! love the cleaning hack,0.66,0.83,0
amazing content. useful for beginners fashion haul,0.66,0.93,1
misleading knitting,-0.26,0.35,0
hmm travel hack,0.14,0.38,0
very entertaining. this helped a lot prank,0.97,0.81,1
not bad movie recap,0.24,0.69,0
solid advice! love the motivation,0.85,0.88,0
waste of time. no real tips car mod,-0.21,0.18,1
cringe recipe,-0.5,0.27,0
ill try this travel vlog,-0.05,0.39,0
boring cat video,-0.92,0.09,0
decent. kinda helpful for prank,-0.13,0.42,1
thanks for sharing skincare,0.19,0.3,0
this made my day. very helpful coding,0.68,0.85,1
brilliant. exactly what i needed recipe,0.6,0.72,1
not bad. kinda helpful for motivation,-0.16,0.57,1
lifechanging tip! love the garden tour,0.69,0.61,0
well explained. i can finally do this gaming clip,0.82,0.84,1
confusing. not helpful at all motivation,-0.48,0.21,1
i didnt get it. didnt learn anything thrifting,-0.29,0.25,1
wholesome. exactly what i needed basketball highlight,0.76,0.94,1
this is gold. explained so well car mod,0.81,0.79,1
could be better gaming clip,-0.13,0.35,0
confusing. useless fashion haul,-0.41,0.2,1
crystal clear. bookmarked for later cleaning hack,0.56,0.87,1
so good!. this answered my question skincare,0.86,0.88,1
amazing content! love the fashion haul,0.85,0.67,0
loved this! love the photography,0.45,0.64,0
okay i guess productivity,-0.09,0.66,0
ill try this product review,0.2,0.34,0
terrible explanation parenting tip,-0.99,0.38,0
i learned a lot! love the language lesson,0.66,0.69,0
chefs kiss. taking notes recipe,0.97,0.94,1
interesting. kinda helpful for skincare,-0.06,0.58,1
this is gold! love the dog video,0.4,0.7,0
hilarious. i can finally do this language lesson,0.63,0.85,1
could be better photography,-0.19,0.39,0
loved this. helped me fix it photography,0.66,0.77,1
hilarious. taking notes tutorial,0.72,0.88,1
brilliant! love the ai demo,0.73,0.69,0
this made my day! love the tutorial,0.55,0.77,0
not helpful life hack,-0.71,0.24,0
this made my day! love the fashion haul,0.78,0.93,0
i didnt get it. still confused car mod,-0.72,0.08,1
could be better photography,0.13,0.38,0
misleading coding,-0.47,0.18,0
this made my day! love the recipe,0.73,0.86,0
not bad gaming clip,-0.06,0.68,0
kinda useful history fact,0.09,0.66,0
so good!. this helped a lot history fact,0.9,0.87,1
kinda useful photography,0.24,0.32,0
well explained. helped me fix it crypto explainer,0.72,0.96,1
amazing content. useful for beginners crypto explainer,0.79,0.81,1
impressive work. exactly what i needed college vlog,0.75,0.81,1
too slow fashion haul,-0.83,0.38,0
so good!. useful for beginners ai demo,0.95,0.78,1
very entertaining. saved me time home decor,0.65,0.94,1
hilarious. helped me fix it product review,0.86,0.77,1
too slow. this wont work motivation,-0.64,0.12,1
annoying coding,-0.34,0.35,0
clickbait. didnt help movie recap,-0.84,0.12,1
not helpful. useless finance advice,-0.45,0.08,1
crystal clear. i can finally do this history fact,0.78,0.96,1
confusing. no real tips fashion haul,-0.36,0.11,1
misleading. no real tips gaming clip,-0.93,0.28,1
hmm. somewhat useful for study tips,-0.06,0.54,1
too fast basketball highlight,-0.5,0.07,0
genius idea. saved me time movie recap,0.99,0.73,1
super helpful! love the mindfulness,0.8,0.72,0
kinda useful. kinda helpful for nail art,-0.09,0.46,1
mixed feelings home decor,-0.14,0.53,0
cringe. didnt learn anything prank,-0.48,0.29,1
super helpful! love the cleaning hack,0.94,0.62,0
misleading. useless parenting tip,-0.98,0.3,1
well explained! love the cooking fail,0.72,0.87,0
low effort product review,-0.49,0.37,0
thanks for sharing. somewhat useful for tutorial,0.23,0.51,1
hmm thrifting,-0.13,0.65,0
interesting. kinda helpful for dog video,0.19,0.42,1
brilliant. super useful photography,0.57,0.8,1
loved this. explained so well life hack,0.96,0.75,1
could be better home decor,-0.14,0.56,0
i learned a lot! love the fashion haul,0.77,0.72,0
solid advice! love the art timelapse,0.89,0.9,0
interesting photography,-0.06,0.41,0
cute!. explained so well finance advice,0.85,0.75,1
too slow. this wont work budget meal,-0.33,0.21,1
hmm knitting,0.04,0.43,0
cute!! love the productivity,0.77,0.67,0
inspiring. this answered my question music cover,0.77,0.88,1
chefs kiss! love the skincare,0.46,0.75,0
could be better. kinda helpful for skincare,0.22,0.48,1
so good!! love the asmr,0.72,0.91,0
ill try this thrifting,0.11,0.31,0
solid advice. explained so well skincare,0.54,0.8,1
amazing content. taking notes coding,0.66,0.74,1
amazing content! love the tech unboxing,0.61,0.72,0
well explained. practical tip cooking fail,0.58,0.77,1
thanks for sharing. somewhat useful for finance advice,0.01,0.62,1
annoying. useless resume tips,-0.31,0.15,1
annoying street food,-0.74,0.3,0
chefs kiss. i can finally do this coding,0.82,0.88,1
okay i guess travel vlog,0.09,0.64,0
too slow thrifting,-0.66,0.34,0
cute!. this answered my question coding,0.97,0.88,1
wholesome. this helped a lot home decor,0.53,0.83,1
waste of time. still confused comedy skit,-0.74,0.17,1
this is gold. exactly what i needed language lesson,0.8,0.9,1
lifechanging tip. very helpful car mod,0.86,0.79,1
genius idea. i learned something new knitting,0.6,0.94,1
cute!. exactly what i needed mindfulness,0.76,0.83,1
crystal clear! love the tech unboxing,0.81,0.62,0
i didnt get it. still confused study tips,-0.8,0.01,1
low effort. no real tips knitting,-0.48,0.03,1
ill try this. kinda helpful for prank,0.1,0.4,1
impressive work. super useful life hack,0.53,0.91,1
cute!! love the nail art,0.87,0.78,0
solid advice. practical tip mindfulness,0.81,0.79,1
wholesome. practical tip cat video,0.85,0.94,1
brilliant. this helped a lot life hack,0.81,0.74,1
impressive work! love the asmr,0.85,0.68,0
this made my day. taking notes prank,0.53,0.92,1
kinda useful. kinda helpful for tech unboxing,-0.13,0.41,1
this is gold! love the productivity,0.47,0.93,0
not helpful movie recap,-0.66,0.36,0
okay i guess book review,0.25,0.65,0
loved this. practical tip parenting tip,0.96,0.95,1
genius idea. exactly what i needed science experiment,0.88,0.84,1
wholesome! love the coding,0.74,0.96,0
thanks for sharing nail art,0.1,0.42,0
lifechanging tip. bookmarked for later travel vlog,0.79,0.91,1
misleading. didnt learn anything language lesson,-0.34,0.04,1
super helpful. super useful tutorial,0.94,0.99,1
mixed feelings. somewhat useful for knitting,0.05,0.64,1
annoying car mod,-0.45,0.05,0
decent product review,0.12,0.36,0
too fast history fact,-0.45,0.02,0
cute!. bookmarked for later crypto explainer,0.52,0.96,1
chefs kiss. explained so well prank,0.56,0.88,1
annoying. zero value resume tips,-0.77,0.15,1
clickbait fashion haul,-0.39,0.35,0
wholesome. very helpful basketball highlight,0.84,0.99,1
not helpful. missing steps productivity,-0.74,0.03,1
ill try this mindfulness,-0.05,0.53,0
ill try this. somewhat useful for dance,0.24,0.5,1
well explained. practical tip language lesson,0.59,0.82,1
wholesome. i learned something new makeup,0.53,0.88,1
inspiring. bookmarked for later makeup,0.78,0.97,1
could be better. kinda helpful for basketball highlight,0.05,0.63,1
not helpful hair tutorial,-0.95,0.37,0
ill try this coding,-0.11,0.63,0
this made my day. super useful basketball highlight,0.97,0.77,1
not bad makeup,-0.15,0.38,0
very entertaining. taking notes hair tutorial,0.92,0.9,1
interesting art timelapse,-0.1,0.36,0
genius idea. practical tip mindfulness,0.87,0.82,1
cringe. no real tips coding,-0.33,0.26,1
super helpful. this helped a lot travel hack,0.56,0.77,1
crystal clear! love the cleaning hack,0.59,0.87,0
not helpful. this wont work music cover,-0.88,0.21,1
clickbait prank,-0.46,0.34,0
ill try this ai demo,0.08,0.56,0
low effort. didnt help life hack,-0.26,0.03,1
confusing cooking fail,-0.69,0.08,0
chefs kiss. helped me fix it product review,0.62,0.72,1
misleading. useless mindfulness,-0.45,0.06,1
lifechanging tip. this helped a lot home decor,0.75,0.95,1
brilliant! love the skincare,0.49,0.7,0
this is gold. this answered my question history fact,0.82,0.73,1
overhyped. didnt learn anything cat video,-0.64,0.12,1
mixed feelings. somewhat useful for cat video,0.2,0.59,1
wholesome. helped me fix it hair tutorial,0.95,0.97,1
hilarious. i learned something new travel hack,0.54,0.78,1
i didnt get it. didnt learn anything motivation,-0.28,0.04,1
cringe coding,-0.55,0.04,0
thanks for sharing language lesson,0.23,0.31,0
hmm makeup,0.14,0.42,0
annoying. still confused knitting,-0.94,0.26,1
terrible explanation. didnt learn anything prank,-0.41,0.0,1
not helpful dance,-0.42,0.24,0
thanks for sharing knitting,0.19,0.69,0
cringe. not helpful at all art timelapse,-0.54,0.28,1
so good!. very helpful book review,0.66,0.87,1
kinda useful music cover,0.02,0.7,0
decent tutorial,0.27,0.52,0
lifechanging tip. this answered my question coding,0.99,0.84,1
hilarious. i can finally do this photography,0.61,0.78,1
brilliant. bookmarked for later product review,0.7,0.7,1
thanks for sharing language lesson,-0.04,0.49,0
not helpful. not useful motivation,-0.24,0.0,1
impressive work. exactly what i needed history fact,0.53,0.92,1
could be better. somewhat useful for science experiment,0.29,0.5,1
terrible explanation makeup,-0.75,0.17,0
clickbait. didnt learn anything garden tour,-0.76,0.15,1
too slow travel vlog,-0.99,0.31,0
loved this! love the recipe,0.96,0.78,0
kinda useful cleaning hack,0.12,0.58,0
thanks for sharing. somewhat useful for ai demo,0.08,0.69,1
this is gold! love the finance advice,0.63,0.63,0
genius idea. useful for beginners music cover,0.82,0.9,1
not helpful. not useful tech unboxing,-0.84,0.2,1
interesting science experiment,0.09,0.37,0
too slow dog video,-0.97,0.33,0
well explained. bookmarked for later resume tips,0.71,0.83,1
solid advice! love the parenting tip,0.9,0.81,0
boring language lesson,-0.99,0.33,0
kinda useful skincare,-0.06,0.51,0
not bad crypto explainer,-0.12,0.46,0
kinda useful basketball highlight,0.18,0.37,0
kinda useful. somewhat useful for prank,0.08,0.57,1
brilliant. explained so well gaming clip,0.53,0.85,1
i didnt get it. zero value photography,-0.37,0.3,1
interesting crypto explainer,-0.12,0.32,0
genius idea. i can finally do this photography,0.62,0.97,1
cute!. very helpful tutorial,0.82,0.88,1
terrible explanation. missing steps finance advice,-0.26,0.02,1
mixed feelings. somewhat useful for book review,0.03,0.49,1
chefs kiss! love the basketball highlight,0.97,0.81,0
clickbait workout,-0.23,0.24,0
brilliant! love the travel hack,0.46,0.64,0
decent knitting,-0.04,0.44,0
genius idea. i learned something new productivity,0.92,0.93,1
crystal clear. exactly what i needed budget meal,0.93,1.0,1
super helpful! love the music cover,0.59,0.98,0
genius idea. bookmarked for later cat video,0.6,0.77,1
mixed feelings. somewhat useful for budget meal,-0.03,0.54,1
overhyped. this wont work language lesson,-0.49,0.28,1
crystal clear! love the motivation,0.98,1.0,0
terrible explanation. this wont work knitting,-0.69,0.22,1
clickbait. missing steps coding,-0.8,0.29,1
clickbait. useless mindfulness,-0.72,0.21,1
okay i guess finance advice,0.3,0.34,0
waste of time. not useful life hack,-0.93,0.29,1
overhyped. this wont work travel hack,-1.0,0.23,1
boring basketball highlight,-0.41,0.1,0
this made my day! love the cooking fail,0.77,0.73,0
not helpful. not helpful at all cleaning hack,-0.81,0.02,1
wholesome. explained so well motivation,0.83,0.76,1
inspiring! love the home decor,0.73,0.75,0
wholesome. i learned something new photography,0.55,0.9,1
confusing workout,-0.57,0.07,0
crystal clear. i learned something new budget meal,0.84,0.72,1
genius idea. super useful budget meal,0.9,0.86,1
crystal clear. very helpful thrifting,0.62,0.82,1
super helpful! love the street food,0.98,0.66,0
chefs kiss! love the tutorial,0.71,0.92,0
not bad crypto explainer,-0.07,0.7,0
clickbait. didnt help tech unboxing,-0.24,0.02,1
very entertaining. i can finally do this study tips,0.76,0.99,1
cringe. didnt explain the why art timelapse,-0.51,0.1,1
genius idea. this answered my question product review,0.5,0.73,1
ill try this movie recap,0.2,0.6,0
misleading. not helpful at all fashion haul,-0.65,0.19,1
thanks for sharing. somewhat useful for home decor,0.21,0.51,1
very entertaining. explained so well movie recap,0.64,0.86,1
not helpful. not helpful at all car mod,-0.27,0.26,1
inspiring. clear and useful finance advice,0.92,0.92,1
interesting tutorial,0.11,0.6,0
so good!! love the art timelapse,0.78,0.9,0
mixed feelings. kinda helpful for productivity,-0.14,0.46,1
genius idea. i can finally do this basketball highlight,0.78,0.72,1
okay i guess. somewhat useful for street food,0.28,0.45,1
super helpful. saved me time street food,0.84,0.96,1
impressive work. this answered my question makeup,0.8,0.75,1
loved this. exactly what i needed coding,0.57,1.0,1
misleading. useless knitting,-0.45,0.25,1
super helpful. saved me time coding,0.58,0.82,1
hmm. somewhat useful for prank,0.29,0.68,1
annoying. not useful resume tips,-0.79,0.18,1
interesting. somewhat useful for ai demo,0.12,0.56,1
amazing content. this helped a lot study tips,0.91,0.85,1
misleading history fact,-0.6,0.2,0
brilliant. useful for beginners study tips,0.74,0.76,1
chefs kiss. saved me time study tips,0.78,0.91,1
so good!. bookmarked for later college vlog,0.7,0.78,1
too fast. didnt explain the why resume tips,-0.4,0.28,1
solid advice. this helped a lot car mod,0.61,0.83,1
low effort product review,-0.92,0.19,0
decent tutorial,0.05,0.54,0
impressive work! love the workout,0.75,0.71,0
brilliant. super useful movie recap,0.89,0.82,1
ill try this history fact,0.08,0.42,0
very entertaining. explained so well cat video,0.73,0.86,1
this made my day. exactly what i needed workout,0.94,0.85,1
could be better. somewhat useful for coding,0.28,0.4,1
waste of time basketball highlight,-0.68,0.35,0
decent. somewhat useful for cleaning hack,0.24,0.65,1
misleading book review,-0.33,0.24,0
decent movie recap,0.23,0.56,0
lifechanging tip. i learned something new dance,0.53,0.84,1
this is gold. explained so well movie recap,0.69,0.77,1
hmm. kinda helpful for dance,0.0,0.67,1
could be better ai demo,0.21,0.31,0
mixed feelings travel hack,0.25,0.56,0
okay i guess dance,0.05,0.66,0
ill try this cooking fail,-0.15,0.53,0
decent. kinda helpful for language lesson,0.07,0.41,1
ill try this history fact,0.27,0.67,0
impressive work! love the product review,0.73,0.66,0
cringe nail art,-0.57,0.26,0
clickbait art timelapse,-0.68,0.25,0
could be better thrifting,-0.1,0.65,0
i learned a lot. useful for beginners travel hack,0.56,0.82,1
so good!. very helpful language lesson,0.81,0.83,1
brilliant. clear and useful comedy skit,0.53,0.7,1
genius idea. super useful ai demo,0.93,0.77,1
hilarious! love the gaming clip,0.76,0.66,0
could be better mindfulness,0.2,0.43,0
hmm workout,0.09,0.58,0
mixed feelings. somewhat useful for knitting,0.04,0.68,1
misleading. didnt learn anything life hack,-0.33,0.15,1
overhyped. didnt explain the why street food,-0.95,0.15,1
overhyped cat video,-0.43,0.14,0
i didnt get it. this wont work cat video,-0.43,0.1,1
boring tutorial,-0.23,0.1,0
loved this. very helpful coding,0.55,0.76,1
amazing content. this helped a lot resume tips,1.0,0.83,1
kinda useful. kinda helpful for photography,-0.04,0.62,1
waste of time mindfulness,-0.54,0.18,0
boring hair tutorial,-0.61,0.25,0
kinda useful. somewhat useful for ai demo,0.28,0.49,1
thanks for sharing. somewhat useful for motivation,-0.06,0.7,1
solid advice! love the car mod,0.99,0.8,0
so good!. useful for beginners tech unboxing,0.86,0.73,1
super helpful. very helpful college vlog,0.51,0.77,1
low effort. didnt explain the why home decor,-0.35,0.02,1
chefs kiss! love the productivity,0.59,0.89,0
brilliant! love the fashion haul,0.65,0.83,0
wholesome! love the music cover,0.95,0.79,0
this made my day. helped me fix it crypto explainer,0.67,0.71,1
impressive work! love the music cover,0.95,0.82,0
amazing content. practical tip book review,0.72,0.74,1
so good!. super useful knitting,0.69,0.89,1
chefs kiss. i can finally do this street food,0.96,0.76,1
could be better nail art,0.27,0.56,0
ill try this. kinda helpful for language lesson,0.12,0.41,1
kinda useful history fact,0.24,0.68,0
decent photography,0.09,0.51,0
hilarious! love the skincare,0.56,0.95,0
thanks for sharing history fact,-0.12,0.47,0
terrible explanation. still confused life hack,-0.88,0.02,1
boring. zero value college vlog,-0.46,0.04,1
confusing comedy skit,-0.22,0.2,0
brilliant. bookmarked for later tutorial,0.81,0.83,1
impressive work! love the budget meal,0.98,0.7,0
too fast photography,-0.48,0.37,0
terrible explanation ai demo,-0.26,0.2,0
this is gold. i can finally do this prank,0.94,0.88,1
too fast. didnt help history fact,-0.85,0.08,1
too fast book review,-0.42,0.04,0
well explained. taking notes cat video,0.91,0.86,1
confusing productivity,-0.38,0.38,0
inspiring. this helped a lot dog video,0.98,0.97,1
chefs kiss! love the dog video,0.98,0.93,0
genius idea. this answered my question comedy skit,0.89,0.76,1
thanks for sharing cat video,0.22,0.52,0
too slow. zero value nail art,-0.31,0.12,1
very entertaining. taking notes workout,0.86,0.81,1
low effort gaming clip,-0.92,0.2,0
genius idea! love the recipe,0.58,0.97,0
not bad. kinda helpful for asmr,-0.13,0.56,1
annoying. zero value ai demo,-0.32,0.23,1
could be better recipe,-0.15,0.45,0
thanks for sharing. somewhat useful for fashion haul,0.05,0.63,1
mixed feelings language lesson,-0.08,0.38,0
hmm dance,0.04,0.57,0
wholesome. super useful cleaning hack,0.81,0.7,1
lifechanging tip. super useful art timelapse,0.72,0.99,1
this made my day! love the coding,0.68,0.69,0
genius idea! love the comedy skit,0.78,0.79,0
confusing. zero value street food,-0.99,0.27,1
interesting parenting tip,-0.02,0.53,0
chefs kiss. exactly what i needed recipe,0.83,0.93,1
chefs kiss! love the finance advice,0.77,0.61,0
wholesome. taking notes skincare,0.98,0.92,1
ill try this asmr,-0.07,0.68,0
not bad. somewhat useful for car mod,0.08,0.49,1
impressive work. this helped a lot cooking fail,0.82,0.94,1
mixed feelings photography,0.27,0.38,0
well explained! love the book review,0.48,0.71,0
cringe. missing steps art timelapse,-0.64,0.08,1
wholesome. practical tip history fact,0.55,0.76,1
decent book review,-0.08,0.38,0
too fast motivation,-0.86,0.35,0
misleading. didnt explain the why recipe,-0.53,0.21,1
lifechanging tip. i can finally do this street food,0.94,0.84,1
boring asmr,-0.73,0.07,0
hmm makeup,0.16,0.64,0
hmm travel hack,0.12,0.69,0
could be better cleaning hack,0.01,0.39,0
annoying travel vlog,-0.49,0.12,0
brilliant! love the nail art,0.6,0.78,0
confusing. no real tips music cover,-0.6,0.14,1
could be better asmr,0.24,0.53,0
lifechanging tip! love the science experiment,0.81,0.83,0
okay i guess travel hack,-0.19,0.62,0
not helpful street food,-0.35,0.07,0
mixed feelings. kinda helpful for crypto explainer,-0.15,0.58,1
too slow nail art,-0.49,0.18,0
confusing. no real tips crypto explainer,-0.72,0.19,1
okay i guess college vlog,0.12,0.57,0
ill try this. somewhat useful for ai demo,0.21,0.59,1
annoying. didnt help life hack,-0.88,0.18,1
i learned a lot. exactly what i needed history fact,0.97,0.8,1
cute!. clear and useful parenting tip,0.89,0.97,1
this is gold. explained so well makeup,0.6,0.8,1
inspiring. very helpful dog video,0.74,0.78,1
super helpful! love the car mod,0.42,0.92,0
too slow. no real tips travel vlog,-0.69,0.3,1
i didnt get it travel hack,-0.88,0.11,0
chefs kiss! love the knitting,0.62,0.77,0
overhyped. zero value crypto explainer,-0.84,0.1,1
this is gold. bookmarked for later asmr,0.69,0.92,1
this made my day! love the skincare,0.8,0.67,0
hilarious! love the college vlog,0.56,0.89,0
okay i guess knitting,0.1,0.34,0
clickbait thrifting,-0.54,0.04,0
annoying. no real tips fashion haul,-0.54,0.08,1
lifechanging tip! love the basketball highlight,0.64,1.0,0
boring. didnt help skincare,-0.96,0.24,1
wholesome. bookmarked for later resume tips,0.9,0.99,1
brilliant. bookmarked for later tech unboxing,0.88,0.9,1
cute!! love the basketball highlight,1.0,0.85,0
kinda useful hair tutorial,0.18,0.65,0
solid advice. explained so well hair tutorial,0.67,0.91,1
interesting movie recap,0.15,0.69,0
brilliant. bookmarked for later hair tutorial,0.99,0.86,1
inspiring. i can finally do this car mod,0.55,0.91,1
cute!! love the makeup,0.65,0.66,0
could be better. kinda helpful for prank,0.15,0.54,1
okay i guess knitting,-0.17,0.56,0
cute!. useful for beginners nail art,0.78,0.81,1
genius idea! love the coding,0.81,0.73,0
ill try this. somewhat useful for garden tour,-0.13,0.45,1
well explained. super useful travel hack,0.72,0.86,1
mixed feelings home decor,0.0,0.54,0
misleading garden tour,-0.67,0.2,0
amazing content! love the resume tips,0.55,0.9,0
overhyped gaming clip,-0.96,0.21,0
mixed feelings budget meal,-0.03,0.6,0
not bad. somewhat useful for gaming clip,0.14,0.57,1
hmm mindfulness,-0.09,0.33,0
terrible explanation. still confused budget meal,-0.76,0.24,1
well explained. explained so well basketball highlight,0.87,0.83,1
too slow mindfulness,-0.37,0.06,0
could be better. somewhat useful for college vlog,-0.11,0.5,1
cute!. practical tip garden tour,0.98,0.72,1
interesting. kinda helpful for gaming clip,0.11,0.53,1
hmm. somewhat useful for tech unboxing,0.29,0.54,1
this is gold. saved me time mindfulness,0.72,0.87,1
ill try this movie recap,0.02,0.38,0
hmm cleaning hack,0.14,0.54,0
not helpful tech unboxing,-0.8,0.24,0
lifechanging tip! love the comedy skit,0.44,0.77,0
cute!. clear and useful asmr,0.82,0.77,1
wholesome. practical tip travel vlog,0.91,0.82,1
inspiring! love the home decor,0.68,0.75,0
boring. zero value nail art,-0.97,0.24,1
annoying. didnt help recipe,-0.7,0.13,1
this made my day. clear and useful street food,0.59,0.79,1
cute!. super useful mindfulness,0.62,0.76,1
annoying. didnt learn anything cat video,-0.84,0.26,1
this is gold! love the travel hack,0.89,0.87,0
okay i guess recipe,-0.14,0.59,0
too fast. didnt explain the why motivation,-0.62,0.1,1
boring. still confused tech unboxing,-0.53,0.07,1
could be better car mod,0.22,0.65,0
cute!. practical tip mindfulness,0.99,0.98,1
i learned a lot! love the basketball highlight,0.8,0.78,0
interesting makeup,0.02,0.31,0
waste of time. zero value music cover,-0.87,0.13,1
chefs kiss! love the book review,0.84,0.77,0
inspiring. i can finally do this gaming clip,0.97,0.99,1
this is gold. bookmarked for later photography,0.89,0.96,1
could be better. kinda helpful for street food,0.18,0.61,1
ill try this. somewhat useful for college vlog,0.06,0.44,1
overhyped home decor,-0.93,0.01,0
i didnt get it. zero value life hack,-0.75,0.16,1
super helpful. helped me fix it street food,0.61,0.98,1
waste of time. not useful asmr,-0.93,0.05,1
crystal clear. this answered my question car mod,0.69,0.99,1
wholesome. this answered my question skincare,0.97,0.83,1
boring cleaning hack,-0.47,0.17,0
annoying dance,-0.81,0.18,0
annoying basketball highlight,-0.46,0.3,0
mixed feelings photography,-0.11,0.42,0
clickbait college vlog,-0.95,0.2,0
could be better thrifting,0.04,0.38,0
clickbait. this wont work book review,-0.77,0.01,1
loved this! love the gaming clip,0.84,0.97,0
interesting movie recap,0.18,0.35,0
solid advice! love the gaming clip,0.45,0.86,0
annoying. not helpful at all recipe,-0.75,0.26,1
impressive work. super useful street food,0.51,0.89,1
ill try this. somewhat useful for asmr,-0.03,0.59,1
wholesome! love the tech unboxing,0.95,0.69,0
solid advice. super useful tech unboxing,0.65,0.96,1
not helpful. this wont work language lesson,-0.81,0.22,1
low effort dog video,-0.78,0.07,0
low effort thrifting,-0.8,0.16,0
i learned a lot. saved me time hair tutorial,0.86,0.97,1
impressive work! love the recipe,0.73,0.89,0
not bad. somewhat useful for garden tour,0.17,0.51,1
kinda useful. kinda helpful for cat video,0.09,0.4,1
too fast gaming clip,-0.29,0.04,0
terrible explanation music cover,-0.56,0.27,0
i learned a lot! love the art timelapse,0.63,0.66,0
well explained. super useful photography,0.8,0.83,1
super helpful! love the photography,0.97,0.83,0
misleading. didnt learn anything garden tour,-0.95,0.01,1
kinda useful. somewhat useful for asmr,-0.16,0.6,1
confusing history fact,-0.25,0.07,0
i learned a lot. useful for beginners travel vlog,0.52,0.83,1
very entertaining. practical tip comedy skit,0.75,0.9,1
very entertaining! love the thrifting,0.57,0.99,0
inspiring! love the comedy skit,0.47,0.69,0
misleading ai demo,-0.66,0.19,0
decent recipe,0.27,0.54,0
cute!! love the knitting,0.4,0.92,0
hmm book review,-0.2,0.66,0
decent. kinda helpful for coding,-0.16,0.5,1
amazing content! love the life hack,0.52,0.7,0
low effort. didnt explain the why gaming clip,-0.26,0.11,1
this is gold. i learned something new thrifting,0.75,0.97,1
okay i guess cat video,0.04,0.48,0
super helpful! love the workout,0.53,0.81,0
i didnt get it. useless study tips,-0.3,0.07,1
ill try this makeup,0.11,0.47,0
too slow cooking fail,-0.69,0.12,0
thanks for sharing photography,-0.06,0.69,0
decent hair tutorial,0.24,0.44,0
cringe coding,-0.79,0.16,0
annoying. didnt explain the why hair tutorial,-0.65,0.13,1
this made my day. useful for beginners cooking fail,0.89,0.91,1
mixed feelings. kinda helpful for study tips,0.14,0.46,1
brilliant. very helpful music cover,0.64,0.82,1
loved this! love the tutorial,0.92,0.69,0
too slow cleaning hack,-0.84,0.15,0
well explained. helped me fix it gaming clip,0.68,0.97,1
inspiring! love the prank,0.41,0.75,0
well explained! love the productivity,0.61,0.72,0
waste of time dance,-0.24,0.12,0
not bad street food,0.15,0.52,0
annoying. still confused productivity,-0.95,0.04,1
lifechanging tip! love the book review,0.7,0.86,0
wholesome. saved me time motivation,0.74,1.0,1
wholesome. useful for beginners science experiment,0.99,0.81,1
could be better skincare,-0.12,0.57,0
cute!! love the book review,0.43,0.87,0
inspiring. saved me time parenting tip,0.95,0.7,1
solid advice. i can finally do this workout,0.5,0.71,1
i didnt get it. didnt learn anything fashion haul,-0.64,0.27,1
too slow. useless cleaning hack,-0.82,0.05,1
waste of time gaming clip,-0.86,0.33,0
mixed feelings. kinda helpful for asmr,0.23,0.58,1
hmm prank,-0.05,0.65,0
chefs kiss. clear and useful tech unboxing,0.53,0.84,1
too slow. no real tips car mod,-0.83,0.23,1
boring. didnt learn anything mindfulness,-0.49,0.11,1
could be better. kinda helpful for art timelapse,0.24,0.41,1
too slow garden tour,-0.91,0.29,0
well explained! love the workout,0.99,0.88,0
genius idea! love the tutorial,0.75,0.71,0
this made my day! love the gaming clip,0.81,1.0,0
super helpful! love the skincare,0.89,0.75,0
hmm. kinda helpful for resume tips,-0.09,0.65,1
amazing content. this helped a lot gaming clip,0.54,0.72,1
chefs kiss. useful for beginners photography,0.52,0.92,1
inspiring. helped me fix it basketball highlight,0.95,0.72,1
this is gold. explained so well tutorial,0.62,0.94,1
genius idea. very helpful science experiment,0.72,0.84,1
so good!. super useful art timelapse,0.99,0.94,1
loved this. practical tip basketball highlight,0.51,0.92,1
mixed feelings book review,-0.06,0.48,0
this made my day. exactly what i needed crypto explainer,0.86,0.75,1
kinda useful resume tips,-0.03,0.57,0
too fast motivation,-0.26,0.36,0
low effort. missing steps hair tutorial,-0.75,0.29,1
brilliant. bookmarked for later gaming clip,0.66,0.94,1
i didnt get it. didnt explain the why art timelapse,-0.65,0.28,1
hmm. somewhat useful for knitting,0.0,0.4,1
this is gold! love the hair tutorial,0.73,0.79,0
this made my day! love the tutorial,0.64,0.96,0
loved this. taking notes parenting tip,0.61,0.74,1
too fast music cover,-0.64,0.26,0
i didnt get it recipe,-0.33,0.14,0
this is gold. super useful comedy skit,0.86,0.93,1
low effort. didnt help travel hack,-0.78,0.13,1
overhyped finance advice,-0.9,0.03,0
very entertaining. useful for beginners car mod,0.57,0.93,1
misleading. didnt help music cover,-0.66,0.24,1
lifechanging tip! love the cooking fail,0.46,0.88,0
solid advice. very helpful home decor,0.75,0.95,1
brilliant! love the productivity,0.85,0.71,0
chefs kiss. bookmarked for later language lesson,0.74,0.96,1
chefs kiss! love the tech unboxing,0.85,0.92,0
cute!. this answered my question thrifting,0.82,0.91,1
mixed feelings budget meal,-0.14,0.45,0
this is gold! love the cleaning hack,0.98,0.86,0
i learned a lot! love the garden tour,0.62,0.86,0
cringe tech unboxing,-0.47,0.01,0
low effort. didnt explain the why cooking fail,-0.44,0.24,1
inspiring. this helped a lot language lesson,0.87,0.72,1
hilarious. this helped a lot cleaning hack,0.68,0.92,1
genius idea. practical tip asmr,0.79,0.84,1
solid advice. this helped a lot cooking fail,0.6,0.82,1
hmm. somewhat useful for hair tutorial,0.1,0.43,1
solid advice. explained so well finance advice,0.95,0.85,1
loved this. i can finally do this home decor,0.88,0.76,1
i didnt get it workout,-0.89,0.13,0
super helpful. very helpful street food,0.7,0.76,1
wholesome! love the garden tour,0.97,0.96,0
not bad gaming clip,-0.11,0.4,0
decent. kinda helpful for fashion haul,0.15,0.55,1
chefs kiss! love the comedy skit,0.41,0.7,0
hmm. somewhat useful for dance,0.11,0.54,1
this is gold! love the home decor,0.48,0.98,0
so good!! love the history fact,0.74,0.74,0
thanks for sharing. kinda helpful for knitting,0.04,0.64,1
could be better parenting tip,0.28,0.34,0
this is gold. taking notes dog video,0.54,0.97,1
this is gold. i can finally do this tech unboxing,0.59,0.9,1
could be better comedy skit,0.16,0.63,0
super helpful. super useful study tips,0.78,0.97,1
interesting prank,0.16,0.6,0
brilliant. this helped a lot movie recap,0.99,1.0,1
boring. zero value street food,-0.24,0.04,1
could be better. kinda helpful for gaming clip,-0.2,0.42,1
lifechanging tip. useful for beginners hair tutorial,0.77,0.83,1
cringe finance advice,-1.0,0.1,0
kinda useful photography,0.07,0.62,0
i learned a lot. i learned something new study tips,0.92,0.75,1
so good!. useful for beginners language lesson,0.68,0.77,1
low effort. no real tips tech unboxing,-0.92,0.17,1
cringe. didnt explain the why gaming clip,-0.59,0.22,1
impressive work. explained so well language lesson,0.78,0.88,1
overhyped. missing steps coding,-0.7,0.02,1
well explained. this helped a lot book review,0.51,0.83,1
interesting mindfulness,0.0,0.57,0
cringe basketball highlight,-0.44,0.29,0
annoying study tips,-0.8,0.01,0
misleading skincare,-0.61,0.09,0
i didnt get it dog video,-0.98,0.26,0
confusing study tips,-0.26,0.11,0
solid advice. clear and useful cleaning hack,0.85,0.83,1
cute!. practical tip makeup,0.96,0.96,1
low effort. didnt explain the why cat video,-0.73,0.18,1
hilarious! love the music cover,0.47,0.61,0
overhyped photography,-0.62,0.25,0
annoying crypto explainer,-0.99,0.28,0
very entertaining. i can finally do this budget meal,0.87,0.98,1
impressive work! love the finance advice,0.89,0.78,0
misleading. didnt explain the why book review,-0.93,0.11,1
terrible explanation. no real tips art timelapse,-0.37,0.0,1
this is gold! love the cat video,0.76,0.7,0
this made my day. this helped a lot recipe,0.81,0.8,1
this made my day! love the cat video,0.87,0.71,0
so good!! love the productivity,0.41,0.96,0
i learned a lot! love the dance,0.55,0.78,0
cringe. zero value cleaning hack,-0.98,0.11,1
ill try this street food,0.01,0.43,0
overhyped. didnt learn anything travel vlog,-0.93,0.22,1
brilliant! love the cooking fail,0.63,0.67,0
brilliant. practical tip crypto explainer,0.65,0.88,1
cute!. taking notes study tips,0.64,0.83,1
clickbait. useless car mod,-0.33,0.25,1
decent study tips,-0.08,0.36,0
mixed feelings. kinda helpful for nail art,-0.07,0.52,1
chefs kiss. taking notes book review,0.95,0.85,1
impressive work. helped me fix it fashion haul,0.53,0.97,1
low effort. zero value travel vlog,-0.4,0.08,1
super helpful! love the resume tips,0.67,0.89,0
chefs kiss! love the asmr,0.95,0.83,0
chefs kiss. this answered my question movie recap,0.77,0.93,1
inspiring. bookmarked for later motivation,0.87,0.79,1
decent cooking fail,0.14,0.57,0
kinda useful car mod,-0.18,0.48,0
inspiring. helped me fix it prank,0.71,0.84,1
kinda useful budget meal,0.0,0.58,0
thanks for sharing. kinda helpful for cat video,-0.07,0.51,1
decent. kinda helpful for history fact,0.22,0.57,1
mixed feelings tutorial,-0.01,0.31,0
thanks for sharing tech unboxing,0.01,0.63,0
kinda useful dance,0.21,0.49,0
hilarious! love the gaming clip,0.43,0.99,0
chefs kiss. clear and useful knitting,0.92,0.71,1
mixed feelings home decor,-0.01,0.43,0
impressive work. practical tip thrifting,0.85,0.92,1
ill try this. somewhat useful for tech unboxing,0.29,0.61,1
confusing tutorial,-0.24,0.36,0
okay i guess tutorial,0.19,0.58,0
impressive work. bookmarked for later car mod,1.0,0.87,1
terrible explanation coding,-0.67,0.01,0
cringe productivity,-0.65,0.31,0
chefs kiss. practical tip movie recap,0.98,0.71,1
terrible explanation. missing steps hair tutorial,-0.38,0.15,1
not bad resume tips,0.3,0.42,0
very entertaining. this helped a lot nail art,0.84,0.96,1
brilliant. very helpful fashion haul,0.81,0.8,1
amazing content. explained so well cleaning hack,0.51,0.9,1
chefs kiss! love the dog video,0.75,0.66,0
inspiring! love the car mod,0.51,0.91,0
this made my day! love the home decor,0.8,0.86,0
thanks for sharing home decor,-0.07,0.47,0
impressive work. saved me time prank,0.63,0.97,1
okay i guess. kinda helpful for science experiment,0.21,0.47,1
too slow knitting,-0.46,0.39,0
hmm tech unboxing,-0.1,0.52,0
chefs kiss! love the car mod,0.72,0.72,0
could be better prank,0.17,0.43,0
low effort. zero value tutorial,-0.94,0.21,1
ill try this. kinda helpful for parenting tip,-0.02,0.65,1
okay i guess. somewhat useful for coding,0.14,0.59,1
okay i guess. somewhat useful for college vlog,0.15,0.54,1
clickbait nail art,-0.31,0.33,0
terrible explanation. this wont work travel vlog,-0.79,0.15,1
loved this. explained so well budget meal,0.94,0.81,1
ill try this. somewhat useful for coding,0.17,0.48,1
loved this. clear and useful garden tour,0.54,0.71,1
okay i guess tutorial,-0.08,0.62,0
very entertaining. helped me fix it college vlog,0.65,0.98,1
this made my day. practical tip motivation,0.53,0.76,1
wholesome. i learned something new travel vlog,0.61,0.83,1
overhyped travel vlog,-0.47,0.03,0
genius idea. this helped a lot parenting tip,1.0,0.94,1
crystal clear. exactly what i needed tutorial,0.74,0.95,1
not bad thrifting,0.08,0.68,0
impressive work! love the mindfulness,0.49,0.95,0
ill try this. somewhat useful for ai demo,0.22,0.5,1
mixed feelings nail art,-0.06,0.69,0
kinda useful. somewhat useful for history fact,-0.18,0.61,1
annoying dance,-0.43,0.37,0
low effort asmr,-0.23,0.02,0
hmm car mod,0.05,0.69,0
hmm garden tour,-0.03,0.64,0
super helpful. i learned something new workout,0.88,0.96,1
ill try this product review,0.18,0.61,0
overhyped history fact,-0.6,0.2,0
brilliant. practical tip gaming clip,0.51,0.99,1
mixed feelings. kinda helpful for dog video,0.0,0.57,1
mixed feelings knitting,0.17,0.41,0
misleading travel vlog,-0.26,0.25,0
confusing workout,-0.72,0.02,0
well explained. helped me fix it dance,0.99,0.9,1
kinda useful. kinda helpful for fashion haul,0.16,0.42,1
kinda useful crypto explainer,-0.16,0.56,0
i learned a lot. practical tip tech unboxing,0.58,0.87,1
kinda useful. somewhat useful for music cover,-0.04,0.6,1
annoying. missing steps gaming clip,-0.94,0.13,1
impressive work! love the parenting tip,0.4,0.78,0
mixed feelings. kinda helpful for car mod,0.01,0.56,1
kinda useful. kinda helpful for car mod,0.2,0.62,1
not bad. kinda helpful for fashion haul,0.2,0.59,1
genius idea! love the gaming clip,0.72,0.68,0
too fast parenting tip,-0.45,0.04,0
i learned a lot! love the dance,0.81,0.85,0
could be better. kinda helpful for motivation,-0.03,0.63,1
terrible explanation. not helpful at all motivation,-0.57,0.26,1
loved this! love the workout,0.91,0.95,0
terrible explanation coding,-0.82,0.18,0
too slow. didnt help art timelapse,-0.28,0.12,1
amazing content! love the basketball highlight,0.64,0.92,0
ill try this science experiment,0.19,0.32,0
boring prank,-0.5,0.32,0
impressive work! love the fashion haul,0.95,0.75,0
crystal clear! love the finance advice,0.94,0.94,0
too fast garden tour,-0.77,0.25,0
clickbait. still confused gaming clip,-0.77,0.1,1
boring book review,-0.37,0.3,0
misleading. useless music cover,-0.75,0.21,1
too slow tech unboxing,-0.6,0.38,0
well explained. saved me time dance,0.64,0.94,1
clickbait parenting tip,-0.56,0.13,0
cute!! love the prank,0.75,0.66,0
interesting parenting tip,-0.04,0.61,0
not helpful thrifting,-0.24,0.22,0
wholesome! love the garden tour,0.73,0.67,0
wholesome. this helped a lot movie recap,0.67,0.83,1
impressive work. practical tip music cover,0.95,0.95,1
this made my day. explained so well gaming clip,0.74,0.87,1
not helpful. not useful basketball highlight,-0.9,0.22,1
mixed feelings cleaning hack,-0.15,0.63,0
confusing. didnt explain the why recipe,-0.22,0.28,1
too slow knitting,-0.83,0.34,0
okay i guess workout,0.09,0.45,0
lifechanging tip. saved me time nail art,0.84,0.98,1
terrible explanation fashion haul,-0.84,0.15,0
decent dance,-0.05,0.54,0
inspiring. i learned something new travel vlog,0.64,0.82,1
mixed feelings life hack,0.13,0.38,0
too slow knitting,-0.24,0.11,0
too slow. didnt help street food,-0.69,0.27,1
not helpful music cover,-0.54,0.25,0
cringe. useless mindfulness,-0.88,0.0,1
wholesome! love the skincare,0.54,0.86,0
lifechanging tip! love the product review,0.8,0.8,0
well explained! love the comedy skit,0.73,0.77,0
kinda useful product review,0.17,0.46,0
lifechanging tip. i learned something new parenting tip,0.75,0.76,1
crystal clear. this answered my question science experiment,0.76,0.87,1
loved this. this helped a lot workout,0.9,0.73,1
interesting nail art,-0.15,0.49,0
too slow college vlog,-0.36,0.25,0
clickbait. didnt explain the why mindfulness,-0.3,0.2,1
terrible explanation budget meal,-0.32,0.36,0
okay i guess cooking fail,0.16,0.32,0
i learned a lot. helped me fix it coding,0.71,0.98,1
okay i guess dog video,0.11,0.34,0
not helpful. not helpful at all parenting tip,-0.79,0.16,1
genius idea! love the ai demo,0.56,0.96,0
could be better. kinda helpful for parenting tip,-0.04,0.67,1
waste of time. zero value product review,-0.94,0.03,1
ill try this. kinda helpful for cooking fail,0.24,0.59,1
interesting car mod,-0.2,0.59,0
this is gold! love the college vlog,0.9,0.78,0
could be better makeup,0.3,0.31,0
cute!. taking notes travel vlog,0.82,0.73,1
brilliant! love the photography,0.8,0.76,0
i learned a lot! love the makeup,0.55,0.68,0
kinda useful. somewhat useful for gaming clip,0.23,0.51,1
hmm car mod,0.02,0.67,0
cringe. missing steps finance advice,-0.67,0.13,1
cute!. practical tip product review,0.67,0.95,1
amazing content. helped me fix it makeup,0.7,0.94,1
interesting fashion haul,0.29,0.36,0
interesting. somewhat useful for mindfulness,-0.09,0.48,1
decent coding,0.06,0.57,0
could be better prank,-0.0,0.54,0
very entertaining! love the workout,0.84,0.67,0
confusing. still confused mindfulness,-0.79,0.11,1
crystal clear. useful for beginners street food,0.65,0.72,1
genius idea. i learned something new nail art,0.86,0.71,1
low effort. not helpful at all workout,-0.65,0.18,1
interesting. kinda helpful for book review,0.22,0.52,1
overhyped. not helpful at all nail art,-0.29,0.03,1
overhyped. didnt explain the why finance advice,-0.36,0.21,1
annoying tutorial,-0.59,0.22,0
interesting parenting tip,-0.12,0.68,0
too slow mindfulness,-0.64,0.02,0
not bad thrifting,-0.15,0.63,0
annoying. not helpful at all crypto explainer,-0.86,0.12,1
misleading. not useful parenting tip,-0.39,0.19,1
genius idea. practical tip mindfulness,0.64,0.99,1
ill try this. somewhat useful for garden tour,0.24,0.61,1
too fast life hack,-0.71,0.2,0
too slow thrifting,-0.79,0.07,0
okay i guess dog video,0.17,0.69,0
terrible explanation coding,-0.82,0.11,0
amazing content! love the crypto explainer,0.7,0.88,0
okay i guess book review,0.14,0.42,0
kinda useful cleaning hack,0.24,0.59,0
cute!! love the cat video,0.48,0.85,0
cute!. this answered my question basketball highlight,0.9,0.94,1
interesting skincare,0.2,0.55,0
hilarious. clear and useful dog video,0.81,1.0,1
hmm. kinda helpful for coding,-0.02,0.44,1
low effort science experiment,-0.53,0.11,0
inspiring. practical tip tutorial,0.91,0.93,1
solid advice. very helpful knitting,1.0,0.9,1
i learned a lot. this answered my question music cover,0.51,0.84,1
not bad recipe,-0.04,0.4,0
impressive work! love the tech unboxing,0.79,0.71,0
decent language lesson,-0.14,0.59,0
this made my day. clear and useful cleaning hack,0.55,0.89,1
kinda useful crypto explainer,-0.09,0.5,0
interesting. kinda helpful for parenting tip,-0.01,0.41,1
waste of time. useless tech unboxing,-0.68,0.06,1
boring. didnt learn anything comedy skit,-1.0,0.14,1
interesting garden tour,0.2,0.55,0
wholesome. taking notes tech unboxing,0.85,0.8,1
very entertaining! love the tech unboxing,0.52,0.83,0
misleading. didnt explain the why study tips,-0.56,0.24,1
i didnt get it music cover,-0.88,0.36,0
so good!. i can finally do this coding,0.55,0.98,1
misleading. this wont work hair tutorial,-0.2,0.25,1
crystal clear! love the study tips,0.44,0.86,0
boring asmr,-0.74,0.33,0
terrible explanation product review,-0.7,0.34,0
so good!! love the thrifting,0.5,0.81,0
mixed feelings movie recap,0.14,0.63,0
annoying. zero value basketball highlight,-0.82,0.28,1
very entertaining. saved me time tech unboxing,0.67,0.91,1
terrible explanation skincare,-0.42,0.08,0
okay i guess parenting tip,0.05,0.67,0
waste of time. this wont work resume tips,-0.62,0.2,1
genius idea. clear and useful life hack,0.6,0.93,1
hilarious. saved me time garden tour,0.55,0.76,1
i learned a lot! love the tech unboxing,0.88,0.84,0
inspiring! love the asmr,0.86,0.86,0
could be better. somewhat useful for fashion haul,0.16,0.68,1
not helpful workout,-0.26,0.18,0
interesting crypto explainer,0.14,0.32,0
so good!! love the budget meal,0.45,0.81,0
inspiring. clear and useful photography,0.69,0.95,1
cringe. missing steps productivity,-0.36,0.21,1
boring. not helpful at all travel vlog,-1.0,0.23,1
solid advice! love the fashion haul,0.68,0.77,0
terrible explanation. missing steps tech unboxing,-0.42,0.26,1
not bad nail art,0.02,0.44,0
okay i guess. kinda helpful for language lesson,0.25,0.64,1
overhyped. not helpful at all productivity,-0.33,0.26,1
boring product review,-0.74,0.32,0
cute!! love the book review,0.44,0.96,0
solid advice. this answered my question mindfulness,0.56,0.72,1
interesting. somewhat useful for cat video,-0.03,0.54,1
inspiring! love the cat video,0.81,0.78,0
hmm productivity,0.27,0.31,0
hmm product review,0.23,0.63,0
decent. somewhat useful for workout,0.06,0.55,1
could be better travel hack,-0.07,0.5,0
could be better skincare,0.02,0.52,0
okay i guess fashion haul,0.24,0.39,0
hmm dance,0.29,0.43,0
crystal clear. this answered my question recipe,0.83,0.75,1
not helpful. this wont work dog video,-0.57,0.05,1
clickbait book review,-0.35,0.32,0
loved this. taking notes tech unboxing,0.83,0.89,1
ill try this skincare,0.07,0.49,0
lifechanging tip. very helpful music cover,0.54,0.85,1
so good!. useful for beginners prank,0.52,0.83,1
confusing productivity,-0.56,0.27,0
lifechanging tip. super useful history fact,0.78,0.85,1
not helpful travel vlog,-0.65,0.27,0
ill try this budget meal,0.01,0.32,0
chefs kiss. very helpful cleaning hack,0.82,0.83,1
amazing content! love the ai demo,0.57,0.99,0
confusing. this wont work mindfulness,-0.72,0.22,1
i learned a lot! love the workout,0.69,0.88,0
waste of time. not helpful at all nail art,-0.95,0.01,1
wholesome! love the travel vlog,0.46,0.74,0
hmm street food,0.03,0.55,0
thanks for sharing comedy skit,0.05,0.44,0
inspiring. this helped a lot skincare,0.93,0.74,1
amazing content! love the motivation,0.67,0.9,0
too slow. didnt explain the why college vlog,-0.6,0.05,1
mixed feelings. somewhat useful for prank,0.19,0.48,1
brilliant. taking notes travel vlog,0.74,0.96,1
brilliant. helped me fix it hair tutorial,0.68,0.93,1
i didnt get it. this wont work art timelapse,-0.51,0.23,1
this is gold. bookmarked for later prank,0.64,0.77,1
thanks for sharing. somewhat useful for comedy skit,0.24,0.64,1
i didnt get it. useless language lesson,-0.99,0.11,1
this is gold! love the travel hack,0.43,0.96,0
loved this. taking notes cleaning hack,0.76,0.86,1
super helpful. this answered my question fashion haul,0.73,0.92,1
annoying productivity,-0.42,0.38,0
impressive work. taking notes product review,0.57,0.74,1
terrible explanation life hack,-0.98,0.15,0
hilarious! love the travel vlog,0.99,0.69,0
low effort. missing steps movie recap,-0.73,0.14,1
overhyped product review,-0.61,0.08,0
too slow prank,-0.98,0.0,0
waste of time college vlog,-0.41,0.23,0
clickbait dog video,-0.47,0.09,0
hilarious! love the home decor,0.62,0.68,0
hmm tech unboxing,-0.12,0.43,0
waste of time. didnt explain the why language lesson,-0.78,0.06,1
cringe mindfulness,-0.45,0.24,0
hilarious. taking notes product review,0.69,0.96,1
decent ai demo,-0.16,0.41,0
could be better product review,-0.16,0.55,0
overhyped. no real tips workout,-0.61,0.21,1
not helpful art timelapse,-0.48,0.1,0
very entertaining! love the thrifting,0.59,0.61,0
crystal clear. helped me fix it nail art,0.81,0.86,1
too fast resume tips,-0.69,0.21,0
kinda useful. somewhat useful for recipe,0.28,0.45,1
could be better. somewhat useful for travel hack,0.13,0.69,1
crystal clear! love the book review,0.69,0.91,0
cute!! love the life hack,0.91,0.68,0
overhyped street food,-0.6,0.27,0
well explained. saved me time movie recap,0.78,1.0,1
wholesome! love the garden tour,0.56,0.65,0
not bad gaming clip,0.04,0.64,0
brilliant. i learned something new parenting tip,0.85,0.81,1
crystal clear. very helpful movie recap,0.56,0.85,1
amazing content. practical tip basketball highlight,0.78,0.86,1
okay i guess. kinda helpful for travel vlog,-0.14,0.66,1
this made my day. saved me time science experiment,0.79,0.73,1
hilarious! love the music cover,0.9,0.9,0
super helpful. helped me fix it dog video,0.54,0.9,1
thanks for sharing crypto explainer,0.22,0.52,0
solid advice! love the hair tutorial,0.45,0.88,0
cute!. taking notes motivation,0.68,0.92,1
confusing. useless college vlog,-0.29,0.21,1
genius idea. i learned something new science experiment,0.71,0.91,1
misleading. didnt help language lesson,-0.97,0.15,1
mixed feelings. kinda helpful for art timelapse,0.1,0.44,1
inspiring! love the photography,0.9,0.66,0
mixed feelings tutorial,0.01,0.57,0
well explained! love the prank,0.71,0.98,0
inspiring. helped me fix it car mod,0.51,0.71,1
solid advice. this helped a lot street food,0.66,0.73,1
genius idea. this answered my question cleaning hack,0.61,0.93,1
annoying comedy skit,-0.43,0.14,0
clickbait. didnt help ai demo,-0.39,0.15,1
brilliant. practical tip hair tutorial,0.76,0.73,1
lifechanging tip. explained so well hair tutorial,0.52,0.93,1
inspiring! love the history fact,0.63,0.96,0
hmm car mod,0.12,0.65,0
wholesome! love the crypto explainer,0.57,0.68,0
could be better hair tutorial,0.19,0.56,0
i learned a lot! love the coding,0.97,0.99,0
terrible explanation travel vlog,-0.77,0.14,0
cringe. missing steps product review,-0.27,0.03,1
low effort. not useful photography,-0.99,0.11,1
too slow street food,-0.42,0.39,0
very entertaining! love the science experiment,0.55,0.92,0
this made my day. i can finally do this college vlog,0.78,0.88,1
brilliant. i learned something new coding,0.72,0.9,1
misleading. not helpful at all workout,-0.99,0.24,1
this made my day. bookmarked for later fashion haul,0.71,0.73,1
mixed feelings. kinda helpful for fashion haul,0.14,0.51,1
hilarious! love the study tips,0.61,0.82,0
lifechanging tip. i can finally do this street food,0.87,0.95,1
okay i guess home decor,0.13,0.47,0
ill try this. kinda helpful for science experiment,0.27,0.52,1
solid advice. useful for beginners car mod,0.63,0.71,1
chefs kiss. this answered my question science experiment,0.79,0.99,1
inspiring. super useful workout,0.56,0.85,1
not bad. somewhat useful for workout,-0.04,0.66,1
impressive work! love the history fact,0.6,0.83,0
cringe budget meal,-0.72,0.01,0
cringe cleaning hack,-0.31,0.02,0
so good!! love the life hack,0.72,0.92,0
interesting. kinda helpful for music cover,0.2,0.54,1
this made my day. taking notes nail art,0.51,0.74,1
too slow. not useful tutorial,-0.61,0.11,1
i learned a lot. i learned something new basketball highlight,0.99,0.88,1
cringe. useless gaming clip,-0.76,0.17,1
annoying gaming clip,-0.6,0.15,0
lifechanging tip. i learned something new hair tutorial,0.7,0.75,1
boring. not helpful at all coding,-0.31,0.06,1
loved this. i learned something new home decor,0.84,0.93,1
boring. not helpful at all study tips,-0.68,0.27,1
cringe tech unboxing,-0.44,0.15,0
interesting travel vlog,0.11,0.62,0
super helpful! love the nail art,0.51,0.7,0
crystal clear. helped me fix it knitting,0.61,0.71,1
not bad. somewhat useful for dog video,-0.14,0.54,1
not helpful. no real tips productivity,-0.26,0.14,1
impressive work. i can finally do this coding,0.87,0.93,1
this is gold! love the movie recap,0.88,0.77,0
decent. kinda helpful for movie recap,0.07,0.52,1
so good!. this answered my question nail art,0.94,0.89,1
chefs kiss. practical tip finance advice,0.87,0.84,1
interesting study tips,0.25,0.69,0
too slow. didnt explain the why comedy skit,-0.77,0.04,1
cringe. didnt help motivation,-0.79,0.14,1
impressive work. i can finally do this product review,0.92,0.94,1
wholesome. explained so well travel vlog,0.88,0.97,1
confusing. not helpful at all nail art,-1.0,0.19,1
hmm tech unboxing,0.0,0.56,0
kinda useful. somewhat useful for garden tour,0.2,0.52,1
i didnt get it skincare,-0.87,0.36,0
not helpful garden tour,-0.28,0.15,0
could be better. somewhat useful for crypto explainer,-0.0,0.43,1
decent dog video,0.16,0.33,0
could be better basketball highlight,-0.19,0.54,0
hmm coding,-0.03,0.33,0
impressive work. helped me fix it recipe,0.62,0.85,1
could be better. somewhat useful for home decor,0.18,0.47,1
cringe. missing steps cat video,-0.59,0.19,1
mixed feelings. somewhat useful for finance advice,0.16,0.58,1
confusing. didnt explain the why prank,-0.59,0.09,1
cringe study tips,-0.38,0.33,0
cute!. very helpful coding,0.64,0.9,1
amazing content. this helped a lot garden tour,0.72,0.78,1
very entertaining. helped me fix it coding,0.75,0.83,1
impressive work! love the motivation,0.73,0.88,0
waste of time car mod,-0.67,0.18,0
thanks for sharing travel hack,0.12,0.57,0
inspiring. practical tip travel hack,0.65,0.93,1
decent college vlog,0.27,0.47,0
ill try this prank,0.05,0.66,0
cute!! love the science experiment,0.62,0.66,0
very entertaining. taking notes home decor,0.76,0.98,1
inspiring! love the college vlog,0.51,0.85,0
this is gold. practical tip product review,0.69,0.95,1
wholesome. practical tip thrifting,0.79,0.94,1
cringe. not helpful at all budget meal,-0.65,0.29,1
so good!. i can finally do this mindfulness,0.91,0.85,1
super helpful. useful for beginners recipe,0.97,0.95,1
confusing cooking fail,-0.92,0.31,0
kinda useful nail art,-0.1,0.6,0
hmm. somewhat useful for skincare,0.09,0.64,1
genius idea. practical tip fashion haul,0.65,0.8,1
so good!! love the product review,0.8,0.87,0
this is gold! love the basketball highlight,0.69,0.81,0
not helpful. still confused thrifting,-0.98,0.0,1
terrible explanation productivity,-0.31,0.32,0
hilarious. this helped a lot crypto explainer,0.58,0.94,1
thanks for sharing. kinda helpful for book review,0.18,0.46,1
annoying. didnt learn anything product review,-0.37,0.08,1
ill try this. kinda helpful for product review,0.07,0.66,1
very entertaining. i learned something new thrifting,0.77,0.92,1
cringe. this wont work ai demo,-0.91,0.01,1
chefs kiss. clear and useful thrifting,0.57,0.8,1
well explained! love the knitting,0.77,0.95,0
decent coding,0.14,0.54,0
super helpful. exactly what i needed book review,0.92,0.78,1
lifechanging tip. this helped a lot language lesson,0.67,0.84,1
too fast. useless product review,-0.49,0.02,1
crystal clear. very helpful mindfulness,0.69,0.89,1
hilarious. i learned something new cat video,0.8,1.0,1
okay i guess nail art,0.24,0.35,0
ill try this product review,0.03,0.43,0
misleading. didnt explain the why gaming clip,-0.87,0.01,1
hmm. somewhat useful for travel hack,-0.01,0.56,1
not bad. kinda helpful for nail art,0.18,0.55,1
thanks for sharing. somewhat useful for cleaning hack,0.04,0.56,1
chefs kiss. bookmarked for later productivity,0.79,0.77,1
too slow. no real tips knitting,-0.79,0.24,1
genius idea. practical tip finance advice,0.74,0.92,1
i learned a lot. taking notes mindfulness,0.74,0.75,1
thanks for sharing. kinda helpful for cat video,0.2,0.48,1
interesting. kinda helpful for prank,0.1,0.68,1
mixed feelings gaming clip,-0.2,0.49,0
thanks for sharing ai demo,0.22,0.55,0
ill try this hair tutorial,0.11,0.48,0
ill try this car mod,0.29,0.34,0
very entertaining! love the car mod,0.84,0.94,0
well explained! love the mindfulness,0.64,0.92,0
amazing content! love the gaming clip,0.65,0.72,0
hmm home decor,0.21,0.45,0
decent. kinda helpful for asmr,-0.08,0.69,1
misleading. didnt help comedy skit,-0.7,0.2,1
low effort. zero value cat video,-0.51,0.26,1
confusing comedy skit,-0.34,0.24,0
chefs kiss! love the science experiment,0.64,0.77,0
thanks for sharing. kinda helpful for mindfulness,0.25,0.43,1
not helpful makeup,-0.74,0.25,0
hilarious. i learned something new college vlog,0.55,0.99,1
thanks for sharing fashion haul,-0.08,0.38,0
misleading prank,-0.56,0.01,0
not helpful. didnt explain the why comedy skit,-0.29,0.28,1
misleading. useless travel hack,-0.75,0.02,1
kinda useful thrifting,0.12,0.57,0
terrible explanation. didnt learn anything art timelapse,-0.4,0.08,1
boring makeup,-0.41,0.22,0
hmm mindfulness,0.1,0.33,0
thanks for sharing. kinda helpful for basketball highlight,-0.03,0.46,1
i learned a lot! love the skincare,0.61,0.89,0
very entertaining! love the productivity,0.79,0.8,0
wholesome. bookmarked for later cooking fail,0.67,0.84,1
loved this. clear and useful dog video,0.75,0.89,1
amazing content! love the knitting,0.43,0.74,0
not helpful. still confused language lesson,-0.47,0.19,1
thanks for sharing tech unboxing,-0.12,0.56,0
too fast. no real tips prank,-0.39,0.07,1
amazing content. bookmarked for later comedy skit,0.84,0.8,1
not bad cat video,-0.18,0.67,0
decent car mod,-0.08,0.64,0
decent finance advice,-0.12,0.6,0
genius idea! love the product review,0.62,0.74,0
too fast. missing steps ai demo,-0.36,0.11,1
boring ai demo,-0.52,0.32,0
interesting hair tutorial,0.29,0.44,0
could be better cooking fail,0.19,0.67,0
